CALENDAR_DATE,DAY,CALENDAR_MTH_DAY_NBR,CALENDAR_MTH,CALENDAR_YEAR,HOLIDAY,LAST_YEAR_DAILY_VISITORS,DAILY_VISITORS
2018-06-16,SATURDAY,16,6,2018,1,71,89
2018-06-17,SUNDAY,17,6,2018,1,79,99
2018-06-18,MONDAY,18,6,2018,0,97,108
2018-06-19,TUESDAY,19,6,2018,0,42,46
2018-06-20,WEDNESDAY,20,6,2018,0,30,34
2018-06-21,THURSDAY,21,6,2018,0,32,36
2018-06-22,FRIDAY,22,6,2018,0,38,43
2018-06-23,SATURDAY,23,6,2018,1,72,90
2018-06-24,SUNDAY,24,6,2018,1,77,96
2018-06-25,MONDAY,25,6,2018,0,101,112
2018-06-26,TUESDAY,26,6,2018,0,42,47
2018-06-27,WEDNESDAY,27,6,2018,0,36,40
2018-06-28,THURSDAY,28,6,2018,0,32,35
2018-06-29,FRIDAY,29,6,2018,0,37,41
2018-06-30,SATURDAY,30,6,2018,1,71,89
2018-07-01,SUNDAY,1,7,2018,1,79,99
2018-07-02,MONDAY,2,7,2018,0,96,107
2018-07-03,TUESDAY,3,7,2018,0,42,46
2018-07-04,WEDNESDAY,4,7,2018,1,32,40
2018-07-05,THURSDAY,5,7,2018,0,34,37
2018-07-06,FRIDAY,6,7,2018,0,38,43
2018-07-07,SATURDAY,7,7,2018,1,70,88
2018-07-08,SUNDAY,8,7,2018,1,76,95
2018-07-09,MONDAY,9,7,2018,0,98,109
2018-07-10,TUESDAY,10,7,2018,0,40,44
2018-07-11,WEDNESDAY,11,7,2018,0,34,38
2018-07-12,THURSDAY,12,7,2018,0,32,35
2018-07-13,FRIDAY,13,7,2018,0,37,41
2018-07-14,SATURDAY,14,7,2018,1,74,92
2018-07-15,SUNDAY,15,7,2018,1,78,98
2018-07-16,MONDAY,16,7,2018,0,97,108
2018-07-17,TUESDAY,17,7,2018,0,40,45
2018-07-18,WEDNESDAY,18,7,2018,0,37,41
2018-07-19,THURSDAY,19,7,2018,0,30,34
2018-07-20,FRIDAY,20,7,2018,0,38,43
2018-07-21,SATURDAY,21,7,2018,1,74,92
2018-07-22,SUNDAY,22,7,2018,1,80,100
2018-07-23,MONDAY,23,7,2018,0,95,106
2018-07-24,TUESDAY,24,7,2018,0,42,46
2018-07-25,WEDNESDAY,25,7,2018,0,34,37
2018-07-26,THURSDAY,26,7,2018,0,32,36
2018-07-27,FRIDAY,27,7,2018,0,38,42
2018-07-28,SATURDAY,28,7,2018,1,72,90
2018-07-29,SUNDAY,29,7,2018,1,80,100
2018-07-30,MONDAY,30,7,2018,0,99,110
2018-07-31,TUESDAY,31,7,2018,0,40,44
2018-08-01,WEDNESDAY,1,8,2018,0,35,39
2018-08-02,THURSDAY,2,8,2018,0,34,37
2018-08-03,FRIDAY,3,8,2018,0,40,44
2018-08-04,SATURDAY,4,8,2018,1,74,92
2018-08-05,SUNDAY,5,8,2018,1,78,98
2018-08-06,MONDAY,6,8,2018,0,101,112
2018-08-07,TUESDAY,7,8,2018,0,40,44
2018-08-08,WEDNESDAY,8,8,2018,0,32,35
2018-08-09,THURSDAY,9,8,2018,0,32,36
2018-08-10,FRIDAY,10,8,2018,0,38,43
2018-08-11,SATURDAY,11,8,2018,1,71,89
2018-08-12,SUNDAY,12,8,2018,1,78,97
2018-08-13,MONDAY,13,8,2018,0,97,108
2018-08-14,TUESDAY,14,8,2018,0,40,45
2018-08-15,WEDNESDAY,15,8,2018,0,35,39
2018-08-16,THURSDAY,16,8,2018,0,34,38
2018-08-17,FRIDAY,17,8,2018,0,38,43
2018-08-18,SATURDAY,18,8,2018,1,70,88
2018-08-19,SUNDAY,19,8,2018,1,78,97
2018-08-20,MONDAY,20,8,2018,0,100,111
2018-08-21,TUESDAY,21,8,2018,0,42,46
2018-08-22,WEDNESDAY,22,8,2018,0,34,37
2018-08-23,THURSDAY,23,8,2018,0,30,34
2018-08-24,FRIDAY,24,8,2018,0,40,44
2018-08-25,SATURDAY,25,8,2018,1,72,90
2018-08-26,SUNDAY,26,8,2018,1,82,102
2018-08-27,MONDAY,27,8,2018,0,100,111
2018-08-28,TUESDAY,28,8,2018,0,38,42
2018-08-29,WEDNESDAY,29,8,2018,0,36,40
2018-08-30,THURSDAY,30,8,2018,0,32,36
2018-08-31,FRIDAY,31,8,2018,0,40,44
2018-09-01,SATURDAY,1,9,2018,1,70,88
2018-09-02,SUNDAY,2,9,2018,1,81,101
2018-09-03,MONDAY,3,9,2018,1,90,113
2018-09-04,TUESDAY,4,9,2018,0,40,45
2018-09-05,WEDNESDAY,5,9,2018,0,37,41
2018-09-06,THURSDAY,6,9,2018,0,32,35
2018-09-07,FRIDAY,7,9,2018,0,35,39
2018-09-08,SATURDAY,8,9,2018,1,70,88
2018-09-09,SUNDAY,9,9,2018,1,78,98
2018-09-10,MONDAY,10,9,2018,0,101,112
2018-09-11,TUESDAY,11,9,2018,0,42,46
2018-09-12,WEDNESDAY,12,9,2018,0,34,37
2018-09-13,THURSDAY,13,9,2018,0,34,37
2018-09-14,FRIDAY,14,9,2018,0,38,43
2018-09-15,SATURDAY,15,9,2018,1,73,91
2018-09-16,SUNDAY,16,9,2018,1,80,100
2018-09-17,MONDAY,17,9,2018,0,97,108
2018-09-18,TUESDAY,18,9,2018,0,40,44
2018-09-19,WEDNESDAY,19,9,2018,0,35,39
2018-09-20,THURSDAY,20,9,2018,0,34,37
2018-09-21,FRIDAY,21,9,2018,0,34,38
2018-09-22,SATURDAY,22,9,2018,1,70,88
2018-09-23,SUNDAY,23,9,2018,1,82,102
2018-09-24,MONDAY,24,9,2018,0,102,114
2018-09-25,TUESDAY,25,9,2018,0,42,46
2018-09-26,WEDNESDAY,26,9,2018,0,36,40
2018-09-27,THURSDAY,27,9,2018,0,32,35
2018-09-28,FRIDAY,28,9,2018,0,40,44
2018-09-29,SATURDAY,29,9,2018,1,73,91
2018-09-30,SUNDAY,30,9,2018,1,78,98
2018-10-01,MONDAY,1,10,2018,0,101,112
2018-10-02,TUESDAY,2,10,2018,0,40,44
2018-10-03,WEDNESDAY,3,10,2018,0,36,40
2018-10-04,THURSDAY,4,10,2018,0,34,38
2018-10-05,FRIDAY,5,10,2018,0,38,42
2018-10-06,SATURDAY,6,10,2018,1,71,89
2018-10-07,SUNDAY,7,10,2018,1,77,96
2018-10-08,MONDAY,8,10,2018,1,90,113
2018-10-09,TUESDAY,9,10,2018,0,42,46
2018-10-10,WEDNESDAY,10,10,2018,0,35,39
2018-10-11,THURSDAY,11,10,2018,0,36,40
2018-10-12,FRIDAY,12,10,2018,0,40,44
2018-10-13,SATURDAY,13,10,2018,1,72,90
2018-10-14,SUNDAY,14,10,2018,1,78,97
2018-10-15,MONDAY,15,10,2018,0,99,110
2018-10-16,TUESDAY,16,10,2018,0,38,42
2018-10-17,WEDNESDAY,17,10,2018,0,37,41
2018-10-18,THURSDAY,18,10,2018,0,32,35
2018-10-19,FRIDAY,19,10,2018,0,38,42
2018-10-20,SATURDAY,20,10,2018,1,76,95
2018-10-21,SUNDAY,21,10,2018,1,78,97
2018-10-22,MONDAY,22,10,2018,0,97,108
2018-10-23,TUESDAY,23,10,2018,0,42,46
2018-10-24,WEDNESDAY,24,10,2018,0,36,40
2018-10-25,THURSDAY,25,10,2018,0,32,36
2018-10-26,FRIDAY,26,10,2018,0,40,45
2018-10-27,SATURDAY,27,10,2018,1,74,93
2018-10-28,SUNDAY,28,10,2018,1,78,97
2018-10-29,MONDAY,29,10,2018,0,101,112
2018-10-30,TUESDAY,30,10,2018,0,42,47
2018-10-31,WEDNESDAY,31,10,2018,0,34,38
2018-11-01,THURSDAY,1,11,2018,0,34,38
2018-11-02,FRIDAY,2,11,2018,0,38,43
2018-11-03,SATURDAY,3,11,2018,1,71,89
2018-11-04,SUNDAY,4,11,2018,1,82,102
2018-11-05,MONDAY,5,11,2018,0,100,111
2018-11-06,TUESDAY,6,11,2018,0,42,46
2018-11-07,WEDNESDAY,7,11,2018,0,38,42
2018-11-08,THURSDAY,8,11,2018,0,32,35
2018-11-09,FRIDAY,9,11,2018,0,40,44
2018-11-10,SATURDAY,10,11,2018,1,74,92
2018-11-11,SUNDAY,11,11,2018,1,75,94
2018-11-12,MONDAY,12,11,2018,1,90,113
2018-11-13,TUESDAY,13,11,2018,0,42,47
2018-11-14,WEDNESDAY,14,11,2018,0,36,40
2018-11-15,THURSDAY,15,11,2018,0,32,36
2018-11-16,FRIDAY,16,11,2018,0,38,42
2018-11-17,SATURDAY,17,11,2018,1,73,91
2018-11-18,SUNDAY,18,11,2018,1,78,98
2018-11-19,MONDAY,19,11,2018,0,104,115
2018-11-20,TUESDAY,20,11,2018,0,42,46
2018-11-21,WEDNESDAY,21,11,2018,0,32,35
2018-11-22,THURSDAY,22,11,2018,1,26,32
2018-11-23,FRIDAY,23,11,2018,0,38,42
2018-11-24,SATURDAY,24,11,2018,1,72,90
2018-11-25,SUNDAY,25,11,2018,1,82,102
2018-11-26,MONDAY,26,11,2018,0,101,112
2018-11-27,TUESDAY,27,11,2018,0,40,45
2018-11-28,WEDNESDAY,28,11,2018,0,36,40
2018-11-29,THURSDAY,29,11,2018,0,34,37
2018-11-30,FRIDAY,30,11,2018,0,38,42
2018-12-01,SATURDAY,1,12,2018,1,73,91
2018-12-02,SUNDAY,2,12,2018,1,79,99
2018-12-03,MONDAY,3,12,2018,0,100,111
2018-12-04,TUESDAY,4,12,2018,0,38,43
2018-12-05,WEDNESDAY,5,12,2018,0,36,40
2018-12-06,THURSDAY,6,12,2018,0,32,35
2018-12-07,FRIDAY,7,12,2018,0,40,44
2018-12-08,SATURDAY,8,12,2018,1,72,90
2018-12-09,SUNDAY,9,12,2018,1,78,98
2018-12-10,MONDAY,10,12,2018,0,101,112
2018-12-11,TUESDAY,11,12,2018,0,42,46
2018-12-12,WEDNESDAY,12,12,2018,0,36,40
2018-12-13,THURSDAY,13,12,2018,0,35,39
2018-12-14,FRIDAY,14,12,2018,0,40,45
2018-12-15,SATURDAY,15,12,2018,1,75,94
2018-12-16,SUNDAY,16,12,2018,1,81,101
2018-12-17,MONDAY,17,12,2018,0,100,111
2018-12-18,TUESDAY,18,12,2018,0,40,45
2018-12-19,WEDNESDAY,19,12,2018,0,34,37
2018-12-20,THURSDAY,20,12,2018,0,34,37
2018-12-21,FRIDAY,21,12,2018,0,38,42
2018-12-22,SATURDAY,22,12,2018,1,74,92
2018-12-23,SUNDAY,23,12,2018,1,82,103
2018-12-24,MONDAY,24,12,2018,0,96,107
2018-12-25,TUESDAY,25,12,2018,1,37,46
2018-12-26,WEDNESDAY,26,12,2018,0,38,43
2018-12-27,THURSDAY,27,12,2018,0,32,36
2018-12-28,FRIDAY,28,12,2018,0,36,40
2018-12-29,SATURDAY,29,12,2018,1,74,93
2018-12-30,SUNDAY,30,12,2018,1,79,99
2018-12-31,MONDAY,31,12,2018,0,99,110
2019-01-01,TUESDAY,1,1,2019,1,37,46
2019-01-02,WEDNESDAY,2,1,2019,0,34,38
2019-01-03,THURSDAY,3,1,2019,0,32,36
2019-01-04,FRIDAY,4,1,2019,0,38,43
2019-01-05,SATURDAY,5,1,2019,1,74,92
2019-01-06,SUNDAY,6,1,2019,1,80,100
2019-01-07,MONDAY,7,1,2019,0,96,107
2019-01-08,TUESDAY,8,1,2019,0,40,44
2019-01-09,WEDNESDAY,9,1,2019,0,34,38
2019-01-10,THURSDAY,10,1,2019,0,34,37
2019-01-11,FRIDAY,11,1,2019,0,38,43
2019-01-12,SATURDAY,12,1,2019,1,76,95
2019-01-13,SUNDAY,13,1,2019,1,81,101
2019-01-14,MONDAY,14,1,2019,0,100,111
2019-01-15,TUESDAY,15,1,2019,0,42,46
2019-01-16,WEDNESDAY,16,1,2019,0,35,39
2019-01-17,THURSDAY,17,1,2019,0,34,38
2019-01-18,FRIDAY,18,1,2019,0,36,40
2019-01-19,SATURDAY,19,1,2019,1,75,94
2019-01-20,SUNDAY,20,1,2019,1,80,100
2019-01-21,MONDAY,21,1,2019,1,87,109
2019-01-22,TUESDAY,22,1,2019,0,44,49
2019-01-23,WEDNESDAY,23,1,2019,0,34,37
2019-01-24,THURSDAY,24,1,2019,0,34,37
2019-01-25,FRIDAY,25,1,2019,0,40,44
2019-01-26,SATURDAY,26,1,2019,1,75,94
2019-01-27,SUNDAY,27,1,2019,1,80,100
2019-01-28,MONDAY,28,1,2019,0,100,111
2019-01-29,TUESDAY,29,1,2019,0,40,44
2019-01-30,WEDNESDAY,30,1,2019,0,35,39
2019-01-31,THURSDAY,31,1,2019,0,34,37
2019-02-01,FRIDAY,1,2,2019,0,40,45
2019-02-02,SATURDAY,2,2,2019,1,73,91
2019-02-03,SUNDAY,3,2,2019,1,81,101
2019-02-04,MONDAY,4,2,2019,0,100,111
2019-02-05,TUESDAY,5,2,2019,0,42,46
2019-02-06,WEDNESDAY,6,2,2019,0,34,38
2019-02-07,THURSDAY,7,2,2019,0,30,33
2019-02-08,FRIDAY,8,2,2019,0,40,44
2019-02-09,SATURDAY,9,2,2019,1,75,94
2019-02-10,SUNDAY,10,2,2019,1,80,100
2019-02-11,MONDAY,11,2,2019,0,101,112
2019-02-12,TUESDAY,12,2,2019,0,42,46
2019-02-13,WEDNESDAY,13,2,2019,0,37,41
2019-02-14,THURSDAY,14,2,2019,0,34,38
2019-02-15,FRIDAY,15,2,2019,0,38,43
2019-02-16,SATURDAY,16,2,2019,1,70,87
2019-02-17,SUNDAY,17,2,2019,1,78,97
2019-02-18,MONDAY,18,2,2019,1,86,108
2019-02-19,TUESDAY,19,2,2019,0,40,44
2019-02-20,WEDNESDAY,20,2,2019,0,34,37
2019-02-21,THURSDAY,21,2,2019,0,35,39
2019-02-22,FRIDAY,22,2,2019,0,40,44
2019-02-23,SATURDAY,23,2,2019,1,74,92
2019-02-24,SUNDAY,24,2,2019,1,82,102
2019-02-25,MONDAY,25,2,2019,0,98,109
2019-02-26,TUESDAY,26,2,2019,0,42,46
2019-02-27,WEDNESDAY,27,2,2019,0,35,39
2019-02-28,THURSDAY,28,2,2019,0,34,37
2019-03-01,FRIDAY,1,3,2019,0,38,43
2019-03-02,SATURDAY,2,3,2019,1,78,97
2019-03-03,SUNDAY,3,3,2019,1,78,97
2019-03-04,MONDAY,4,3,2019,0,101,112
2019-03-05,TUESDAY,5,3,2019,0,42,47
2019-03-06,WEDNESDAY,6,3,2019,0,34,37
2019-03-07,THURSDAY,7,3,2019,0,34,37
2019-03-08,FRIDAY,8,3,2019,0,38,42
2019-03-09,SATURDAY,9,3,2019,1,74,92
2019-03-10,SUNDAY,10,3,2019,1,80,100
2019-03-11,MONDAY,11,3,2019,0,96,107
2019-03-12,TUESDAY,12,3,2019,0,42,46
2019-03-13,WEDNESDAY,13,3,2019,0,34,37
2019-03-14,THURSDAY,14,3,2019,0,32,36
2019-03-15,FRIDAY,15,3,2019,0,38,42
2019-03-16,SATURDAY,16,3,2019,1,73,91
2019-03-17,SUNDAY,17,3,2019,1,79,99
2019-03-18,MONDAY,18,3,2019,0,100,111
2019-03-19,TUESDAY,19,3,2019,0,42,46
2019-03-20,WEDNESDAY,20,3,2019,0,35,39
2019-03-21,THURSDAY,21,3,2019,0,32,35
2019-03-22,FRIDAY,22,3,2019,0,37,41
2019-03-23,SATURDAY,23,3,2019,1,75,94
2019-03-24,SUNDAY,24,3,2019,1,77,96
2019-03-25,MONDAY,25,3,2019,0,96,107
2019-03-26,TUESDAY,26,3,2019,0,40,45
2019-03-27,WEDNESDAY,27,3,2019,0,34,38
2019-03-28,THURSDAY,28,3,2019,0,32,35
2019-03-29,FRIDAY,29,3,2019,0,37,41
2019-03-30,SATURDAY,30,3,2019,1,70,87
2019-03-31,SUNDAY,31,3,2019,1,79,99
2019-04-01,MONDAY,1,4,2019,0,101,112
2019-04-02,TUESDAY,2,4,2019,0,43,48
2019-04-03,WEDNESDAY,3,4,2019,0,38,42
2019-04-04,THURSDAY,4,4,2019,0,34,37
2019-04-05,FRIDAY,5,4,2019,0,40,44
2019-04-06,SATURDAY,6,4,2019,1,74,92
2019-04-07,SUNDAY,7,4,2019,1,80,100
2019-04-08,MONDAY,8,4,2019,0,99,110
2019-04-09,TUESDAY,9,4,2019,0,40,45
2019-04-10,WEDNESDAY,10,4,2019,0,36,40
2019-04-11,THURSDAY,11,4,2019,0,34,37
2019-04-12,FRIDAY,12,4,2019,0,40,45
2019-04-13,SATURDAY,13,4,2019,1,71,89
2019-04-14,SUNDAY,14,4,2019,1,77,96
2019-04-15,MONDAY,15,4,2019,0,101,113
2019-04-16,TUESDAY,16,4,2019,0,42,47
2019-04-17,WEDNESDAY,17,4,2019,0,37,41
2019-04-18,THURSDAY,18,4,2019,0,30,34
2019-04-19,FRIDAY,19,4,2019,0,38,42
2019-04-20,SATURDAY,20,4,2019,1,73,91
2019-04-21,SUNDAY,21,4,2019,1,82,102
2019-04-22,MONDAY,22,4,2019,0,101,112
2019-04-23,TUESDAY,23,4,2019,0,42,46
2019-04-24,WEDNESDAY,24,4,2019,0,34,37
2019-04-25,THURSDAY,25,4,2019,0,32,36
2019-04-26,FRIDAY,26,4,2019,0,40,45
2019-04-27,SATURDAY,27,4,2019,1,72,90
2019-04-28,SUNDAY,28,4,2019,1,79,99
2019-04-29,MONDAY,29,4,2019,0,102,114
2019-04-30,TUESDAY,30,4,2019,0,38,42
2019-05-01,WEDNESDAY,1,5,2019,0,38,42
2019-05-02,THURSDAY,2,5,2019,0,32,36
2019-05-03,FRIDAY,3,5,2019,0,38,42
2019-05-04,SATURDAY,4,5,2019,1,72,90
2019-05-05,SUNDAY,5,5,2019,1,79,99
2019-05-06,MONDAY,6,5,2019,0,98,109
2019-05-07,TUESDAY,7,5,2019,0,40,45
2019-05-08,WEDNESDAY,8,5,2019,0,35,39
2019-05-09,THURSDAY,9,5,2019,0,34,37
2019-05-10,FRIDAY,10,5,2019,0,42,46
2019-05-11,SATURDAY,11,5,2019,1,70,88
2019-05-12,SUNDAY,12,5,2019,1,80,100
2019-05-13,MONDAY,13,5,2019,0,102,114
2019-05-14,TUESDAY,14,5,2019,0,40,45
2019-05-15,WEDNESDAY,15,5,2019,0,35,39
2019-05-16,THURSDAY,16,5,2019,0,32,35
2019-05-17,FRIDAY,17,5,2019,0,38,43
2019-05-18,SATURDAY,18,5,2019,1,70,87
2019-05-19,SUNDAY,19,5,2019,1,81,101
2019-05-20,MONDAY,20,5,2019,0,99,110
2019-05-21,TUESDAY,21,5,2019,0,42,46
2019-05-22,WEDNESDAY,22,5,2019,0,36,40
2019-05-23,THURSDAY,23,5,2019,0,32,36
2019-05-24,FRIDAY,24,5,2019,0,38,43
2019-05-25,SATURDAY,25,5,2019,1,74,92
2019-05-26,SUNDAY,26,5,2019,1,82,102
2019-05-27,MONDAY,27,5,2019,1,86,108
2019-05-28,TUESDAY,28,5,2019,0,40,45
2019-05-29,WEDNESDAY,29,5,2019,0,35,39
2019-05-30,THURSDAY,30,5,2019,0,32,35
2019-05-31,FRIDAY,31,5,2019,0,40,45
2019-06-01,SATURDAY,1,6,2019,1,74,93
2019-06-02,SUNDAY,2,6,2019,1,78,97
2019-06-03,MONDAY,3,6,2019,0,101,112
2019-06-04,TUESDAY,4,6,2019,0,42,47
2019-06-05,WEDNESDAY,5,6,2019,0,32,36
2019-06-06,THURSDAY,6,6,2019,0,35,39
2019-06-07,FRIDAY,7,6,2019,0,38,43
2019-06-08,SATURDAY,8,6,2019,1,74,92
2019-06-09,SUNDAY,9,6,2019,1,83,104
2019-06-10,MONDAY,10,6,2019,0,106,118
2019-06-11,TUESDAY,11,6,2019,0,40,45
2019-06-12,WEDNESDAY,12,6,2019,0,37,41
2019-06-13,THURSDAY,13,6,2019,0,32,36
2019-06-14,FRIDAY,14,6,2019,0,38,43
2019-06-15,SATURDAY,15,6,2019,1,74,92
2019-06-16,SUNDAY,16,6,2019,1,79,99
2019-06-17,MONDAY,17,6,2019,0,102,114
2019-06-18,TUESDAY,18,6,2019,0,42,47
2019-06-19,WEDNESDAY,19,6,2019,0,32,35
2019-06-20,THURSDAY,20,6,2019,0,35,39
2019-06-21,FRIDAY,21,6,2019,0,38,43
2019-06-22,SATURDAY,22,6,2019,1,75,94
2019-06-23,SUNDAY,23,6,2019,1,80,100
2019-06-24,MONDAY,24,6,2019,0,101,112
2019-06-25,TUESDAY,25,6,2019,0,42,47
2019-06-26,WEDNESDAY,26,6,2019,0,30,34
2019-06-27,THURSDAY,27,6,2019,0,30,34
2019-06-28,FRIDAY,28,6,2019,0,38,42
2019-06-29,SATURDAY,29,6,2019,1,77,96
2019-06-30,SUNDAY,30,6,2019,1,80,100
2019-07-01,MONDAY,1,7,2019,0,104,115
2019-07-02,TUESDAY,2,7,2019,0,42,46
2019-07-03,WEDNESDAY,3,7,2019,0,36,40
2019-07-04,THURSDAY,4,7,2019,1,31,39
2019-07-05,FRIDAY,5,7,2019,0,42,46
2019-07-06,SATURDAY,6,7,2019,1,74,93
2019-07-07,SUNDAY,7,7,2019,1,80,100
2019-07-08,MONDAY,8,7,2019,0,104,115
2019-07-09,TUESDAY,9,7,2019,0,42,46
2019-07-10,WEDNESDAY,10,7,2019,0,35,39
2019-07-11,THURSDAY,11,7,2019,0,32,36
2019-07-12,FRIDAY,12,7,2019,0,40,45
2019-07-13,SATURDAY,13,7,2019,1,75,94
2019-07-14,SUNDAY,14,7,2019,1,82,102
2019-07-15,MONDAY,15,7,2019,0,98,109
2019-07-16,TUESDAY,16,7,2019,0,42,46
2019-07-17,WEDNESDAY,17,7,2019,0,32,36
2019-07-18,THURSDAY,18,7,2019,0,34,37
2019-07-19,FRIDAY,19,7,2019,0,38,43
2019-07-20,SATURDAY,20,7,2019,1,73,91
2019-07-21,SUNDAY,21,7,2019,1,82,102
2019-07-22,MONDAY,22,7,2019,0,98,109
2019-07-23,TUESDAY,23,7,2019,0,42,46
2019-07-24,WEDNESDAY,24,7,2019,0,32,36
2019-07-25,THURSDAY,25,7,2019,0,30,33
2019-07-26,FRIDAY,26,7,2019,0,38,42
2019-07-27,SATURDAY,27,7,2019,1,74,93
2019-07-28,SUNDAY,28,7,2019,1,80,100
2019-07-29,MONDAY,29,7,2019,0,97,108
2019-07-30,TUESDAY,30,7,2019,0,42,46
2019-07-31,WEDNESDAY,31,7,2019,0,36,40
2019-08-01,THURSDAY,1,8,2019,0,34,38
2019-08-02,FRIDAY,2,8,2019,0,38,42
2019-08-03,SATURDAY,3,8,2019,1,74,93
2019-08-04,SUNDAY,4,8,2019,1,83,104
2019-08-05,MONDAY,5,8,2019,0,97,108
2019-08-06,TUESDAY,6,8,2019,0,38,43
2019-08-07,WEDNESDAY,7,8,2019,0,36,40
2019-08-08,THURSDAY,8,8,2019,0,34,38
2019-08-09,FRIDAY,9,8,2019,0,42,46
2019-08-10,SATURDAY,10,8,2019,1,73,91
2019-08-11,SUNDAY,11,8,2019,1,80,100
2019-08-12,MONDAY,12,8,2019,0,99,110
2019-08-13,TUESDAY,13,8,2019,0,42,46
2019-08-14,WEDNESDAY,14,8,2019,0,36,40
2019-08-15,THURSDAY,15,8,2019,0,32,36
2019-08-16,FRIDAY,16,8,2019,0,38,43
2019-08-17,SATURDAY,17,8,2019,1,74,92
2019-08-18,SUNDAY,18,8,2019,1,82,103
2019-08-19,MONDAY,19,8,2019,0,101,112
2019-08-20,TUESDAY,20,8,2019,0,43,48
2019-08-21,WEDNESDAY,21,8,2019,0,36,40
2019-08-22,THURSDAY,22,8,2019,0,34,37
2019-08-23,FRIDAY,23,8,2019,0,40,44
2019-08-24,SATURDAY,24,8,2019,1,70,88
2019-08-25,SUNDAY,25,8,2019,1,80,100
2019-08-26,MONDAY,26,8,2019,0,101,113
2019-08-27,TUESDAY,27,8,2019,0,43,48
2019-08-28,WEDNESDAY,28,8,2019,0,36,40
2019-08-29,THURSDAY,29,8,2019,0,34,37
2019-08-30,FRIDAY,30,8,2019,0,40,45
2019-08-31,SATURDAY,31,8,2019,1,71,89
2019-09-01,SUNDAY,1,9,2019,1,82,103
2019-09-02,MONDAY,2,9,2019,1,89,111
2019-09-03,TUESDAY,3,9,2019,0,40,44
2019-09-04,WEDNESDAY,4,9,2019,0,34,38
2019-09-05,THURSDAY,5,9,2019,0,32,36
2019-09-06,FRIDAY,6,9,2019,0,35,39
2019-09-07,SATURDAY,7,9,2019,1,72,90
2019-09-08,SUNDAY,8,9,2019,1,78,97
2019-09-09,MONDAY,9,9,2019,0,101,112
2019-09-10,TUESDAY,10,9,2019,0,42,47
2019-09-11,WEDNESDAY,11,9,2019,0,36,40
2019-09-12,THURSDAY,12,9,2019,0,34,38
2019-09-13,FRIDAY,13,9,2019,0,38,42
2019-09-14,SATURDAY,14,9,2019,1,71,89
2019-09-15,SUNDAY,15,9,2019,1,82,102
2019-09-16,MONDAY,16,9,2019,0,101,112
2019-09-17,TUESDAY,17,9,2019,0,42,46
2019-09-18,WEDNESDAY,18,9,2019,0,38,42
2019-09-19,THURSDAY,19,9,2019,0,34,38
2019-09-20,FRIDAY,20,9,2019,0,38,43
2019-09-21,SATURDAY,21,9,2019,1,74,92
2019-09-22,SUNDAY,22,9,2019,1,80,100
2019-09-23,MONDAY,23,9,2019,0,100,111
2019-09-24,TUESDAY,24,9,2019,0,40,45
2019-09-25,WEDNESDAY,25,9,2019,0,35,39
2019-09-26,THURSDAY,26,9,2019,0,32,36
2019-09-27,FRIDAY,27,9,2019,0,38,43
2019-09-28,SATURDAY,28,9,2019,1,76,95
2019-09-29,SUNDAY,29,9,2019,1,80,100
2019-09-30,MONDAY,30,9,2019,0,105,116
2019-10-01,TUESDAY,1,10,2019,0,40,45
2019-10-02,WEDNESDAY,2,10,2019,0,34,38
2019-10-03,THURSDAY,3,10,2019,0,36,40
2019-10-04,FRIDAY,4,10,2019,0,42,46
2019-10-05,SATURDAY,5,10,2019,1,74,93
2019-10-06,SUNDAY,6,10,2019,1,79,99
2019-10-07,MONDAY,7,10,2019,0,102,114
2019-10-08,TUESDAY,8,10,2019,0,42,46
2019-10-09,WEDNESDAY,9,10,2019,0,34,38
2019-10-10,THURSDAY,10,10,2019,0,32,36
2019-10-11,FRIDAY,11,10,2019,0,38,43
2019-10-12,SATURDAY,12,10,2019,1,74,93
2019-10-13,SUNDAY,13,10,2019,1,80,100
2019-10-14,MONDAY,14,10,2019,1,88,110
2019-10-15,TUESDAY,15,10,2019,0,42,46
2019-10-16,WEDNESDAY,16,10,2019,0,36,40
2019-10-17,THURSDAY,17,10,2019,0,35,39
2019-10-18,FRIDAY,18,10,2019,0,38,43
2019-10-19,SATURDAY,19,10,2019,1,74,92
2019-10-20,SUNDAY,20,10,2019,1,85,106
2019-10-21,MONDAY,21,10,2019,0,99,110
2019-10-22,TUESDAY,22,10,2019,0,42,47
2019-10-23,WEDNESDAY,23,10,2019,0,38,42
2019-10-24,THURSDAY,24,10,2019,0,38,43
2019-10-25,FRIDAY,25,10,2019,0,37,41
2019-10-26,SATURDAY,26,10,2019,1,72,90
2019-10-27,SUNDAY,27,10,2019,1,82,102
2019-10-28,MONDAY,28,10,2019,0,99,110
2019-10-29,TUESDAY,29,10,2019,0,42,46
2019-10-30,WEDNESDAY,30,10,2019,0,36,40
2019-10-31,THURSDAY,31,10,2019,0,32,36
2019-11-01,FRIDAY,1,11,2019,0,40,44
2019-11-02,SATURDAY,2,11,2019,1,76,95
2019-11-03,SUNDAY,3,11,2019,1,84,105
2019-11-04,MONDAY,4,11,2019,0,100,111
2019-11-05,TUESDAY,5,11,2019,0,42,46
2019-11-06,WEDNESDAY,6,11,2019,0,35,39
2019-11-07,THURSDAY,7,11,2019,0,32,36
2019-11-08,FRIDAY,8,11,2019,0,38,43
2019-11-09,SATURDAY,9,11,2019,1,75,94
2019-11-10,SUNDAY,10,11,2019,1,82,102
2019-11-11,MONDAY,11,11,2019,1,90,113
2019-11-12,TUESDAY,12,11,2019,0,40,45
2019-11-13,WEDNESDAY,13,11,2019,0,37,41
2019-11-14,THURSDAY,14,11,2019,0,37,41
2019-11-15,FRIDAY,15,11,2019,0,40,44
2019-11-16,SATURDAY,16,11,2019,1,75,94
2019-11-17,SUNDAY,17,11,2019,1,79,99
2019-11-18,MONDAY,18,11,2019,0,97,108
2019-11-19,TUESDAY,19,11,2019,0,42,46
2019-11-20,WEDNESDAY,20,11,2019,0,37,41
2019-11-21,THURSDAY,21,11,2019,0,32,36
2019-11-22,FRIDAY,22,11,2019,0,40,44
2019-11-23,SATURDAY,23,11,2019,1,72,90
2019-11-24,SUNDAY,24,11,2019,1,82,103
2019-11-25,MONDAY,25,11,2019,0,102,114
2019-11-26,TUESDAY,26,11,2019,0,43,48
2019-11-27,WEDNESDAY,27,11,2019,0,37,41
2019-11-28,THURSDAY,28,11,2019,1,26,33
2019-11-29,FRIDAY,29,11,2019,0,40,44
2019-11-30,SATURDAY,30,11,2019,1,74,93
2019-12-01,SUNDAY,1,12,2019,1,83,104
2019-12-02,MONDAY,2,12,2019,0,105,116
2019-12-03,TUESDAY,3,12,2019,0,40,45
2019-12-04,WEDNESDAY,4,12,2019,0,38,43
2019-12-05,THURSDAY,5,12,2019,0,35,39
2019-12-06,FRIDAY,6,12,2019,0,40,44
2019-12-07,SATURDAY,7,12,2019,1,76,95
2019-12-08,SUNDAY,8,12,2019,1,81,101
2019-12-09,MONDAY,9,12,2019,0,101,113
2019-12-10,TUESDAY,10,12,2019,0,40,45
2019-12-11,WEDNESDAY,11,12,2019,0,32,36
2019-12-12,THURSDAY,12,12,2019,0,34,38
2019-12-13,FRIDAY,13,12,2019,0,40,44
2019-12-14,SATURDAY,14,12,2019,1,71,89
2019-12-15,SUNDAY,15,12,2019,1,81,101
2019-12-16,MONDAY,16,12,2019,0,102,114
2019-12-17,TUESDAY,17,12,2019,0,42,47
2019-12-18,WEDNESDAY,18,12,2019,0,34,38
2019-12-19,THURSDAY,19,12,2019,0,32,36
2019-12-20,FRIDAY,20,12,2019,0,37,41
2019-12-21,SATURDAY,21,12,2019,1,75,94
2019-12-22,SUNDAY,22,12,2019,1,81,101
2019-12-23,MONDAY,23,12,2019,0,101,113
2019-12-24,TUESDAY,24,12,2019,0,42,47
2019-12-25,WEDNESDAY,25,12,2019,1,32,40
2019-12-26,THURSDAY,26,12,2019,0,38,42
2019-12-27,FRIDAY,27,12,2019,0,38,42
2019-12-28,SATURDAY,28,12,2019,1,74,93
2019-12-29,SUNDAY,29,12,2019,1,83,104
2019-12-30,MONDAY,30,12,2019,0,99,110
2019-12-31,TUESDAY,31,12,2019,0,43,48
2020-01-01,WEDNESDAY,1,1,2020,1,30,37
2020-01-02,THURSDAY,2,1,2020,0,34,37
2020-01-03,FRIDAY,3,1,2020,0,42,46
2020-01-04,SATURDAY,4,1,2020,1,78,97
2020-01-05,SUNDAY,5,1,2020,1,81,101
2020-01-06,MONDAY,6,1,2020,0,101,113
2020-01-07,TUESDAY,7,1,2020,0,40,45
2020-01-08,WEDNESDAY,8,1,2020,0,34,37
2020-01-09,THURSDAY,9,1,2020,0,34,37
2020-01-10,FRIDAY,10,1,2020,0,40,44
2020-01-11,SATURDAY,11,1,2020,1,73,91
2020-01-12,SUNDAY,12,1,2020,1,82,103
2020-01-13,MONDAY,13,1,2020,0,102,114
2020-01-14,TUESDAY,14,1,2020,0,40,45
2020-01-15,WEDNESDAY,15,1,2020,0,34,37
2020-01-16,THURSDAY,16,1,2020,0,35,39
2020-01-17,FRIDAY,17,1,2020,0,42,46
2020-01-18,SATURDAY,18,1,2020,1,76,95
2020-01-19,SUNDAY,19,1,2020,1,80,100
2020-01-20,MONDAY,20,1,2020,1,89,111
2020-01-21,TUESDAY,21,1,2020,0,42,46
2020-01-22,WEDNESDAY,22,1,2020,0,34,38
2020-01-23,THURSDAY,23,1,2020,0,32,36
2020-01-24,FRIDAY,24,1,2020,0,40,45
2020-01-25,SATURDAY,25,1,2020,1,72,90
2020-01-26,SUNDAY,26,1,2020,1,81,101
2020-01-27,MONDAY,27,1,2020,0,102,114
2020-01-28,TUESDAY,28,1,2020,0,38,43
2020-01-29,WEDNESDAY,29,1,2020,0,35,39
2020-01-30,THURSDAY,30,1,2020,0,32,35
2020-01-31,FRIDAY,31,1,2020,0,42,46
2020-02-01,SATURDAY,1,2,2020,1,76,95
2020-02-02,SUNDAY,2,2,2020,1,86,107
2020-02-03,MONDAY,3,2,2020,0,100,111
2020-02-04,TUESDAY,4,2,2020,0,40,44
2020-02-05,WEDNESDAY,5,2,2020,0,37,41
2020-02-06,THURSDAY,6,2,2020,0,37,41
2020-02-07,FRIDAY,7,2,2020,0,38,42
2020-02-08,SATURDAY,8,2,2020,1,74,93
2020-02-09,SUNDAY,9,2,2020,1,80,100
2020-02-10,MONDAY,10,2,2020,0,104,115
2020-02-11,TUESDAY,11,2,2020,0,40,45
2020-02-12,WEDNESDAY,12,2,2020,0,36,40
2020-02-13,THURSDAY,13,2,2020,0,32,35
2020-02-14,FRIDAY,14,2,2020,0,40,44
2020-02-15,SATURDAY,15,2,2020,1,75,94
2020-02-16,SUNDAY,16,2,2020,1,81,101
2020-02-17,MONDAY,17,2,2020,1,89,111
2020-02-18,TUESDAY,18,2,2020,0,42,46
2020-02-19,WEDNESDAY,19,2,2020,0,37,41
2020-02-20,THURSDAY,20,2,2020,0,34,38
2020-02-21,FRIDAY,21,2,2020,0,42,46
2020-02-22,SATURDAY,22,2,2020,1,74,92
2020-02-23,SUNDAY,23,2,2020,1,79,99
2020-02-24,MONDAY,24,2,2020,0,102,114
2020-02-25,TUESDAY,25,2,2020,0,42,46
2020-02-26,WEDNESDAY,26,2,2020,0,37,41
2020-02-27,THURSDAY,27,2,2020,0,36,40
2020-02-28,FRIDAY,28,2,2020,0,42,46
2020-02-29,SATURDAY,29,2,2020,1,74,92
2020-03-01,SUNDAY,1,3,2020,1,83,104
2020-03-02,MONDAY,2,3,2020,0,101,112
2020-03-03,TUESDAY,3,3,2020,0,38,43
2020-03-04,WEDNESDAY,4,3,2020,0,34,38
2020-03-05,THURSDAY,5,3,2020,0,37,41
2020-03-06,FRIDAY,6,3,2020,0,38,42
2020-03-07,SATURDAY,7,3,2020,1,75,94
2020-03-08,SUNDAY,8,3,2020,1,82,102
2020-03-09,MONDAY,9,3,2020,0,105,117
2020-03-10,TUESDAY,10,3,2020,0,42,46
2020-03-11,WEDNESDAY,11,3,2020,0,35,39
2020-03-12,THURSDAY,12,3,2020,0,32,35
2020-03-13,FRIDAY,13,3,2020,0,38,43
2020-03-14,SATURDAY,14,3,2020,1,74,92
2020-03-15,SUNDAY,15,3,2020,1,81,101
2020-03-16,MONDAY,16,3,2020,0,102,114
2020-03-17,TUESDAY,17,3,2020,0,42,47
2020-03-18,WEDNESDAY,18,3,2020,0,35,39
2020-03-19,THURSDAY,19,3,2020,0,34,38
2020-03-20,FRIDAY,20,3,2020,0,42,46
2020-03-21,SATURDAY,21,3,2020,1,75,94
2020-03-22,SUNDAY,22,3,2020,1,81,101
2020-03-23,MONDAY,23,3,2020,0,101,112
2020-03-24,TUESDAY,24,3,2020,0,43,48
2020-03-25,WEDNESDAY,25,3,2020,0,34,38
2020-03-26,THURSDAY,26,3,2020,0,38,42
2020-03-27,FRIDAY,27,3,2020,0,40,44
2020-03-28,SATURDAY,28,3,2020,1,78,97
2020-03-29,SUNDAY,29,3,2020,1,84,105
2020-03-30,MONDAY,30,3,2020,0,104,115
2020-03-31,TUESDAY,31,3,2020,0,40,45
2020-04-01,WEDNESDAY,1,4,2020,0,36,40
2020-04-02,THURSDAY,2,4,2020,0,37,41
2020-04-03,FRIDAY,3,4,2020,0,40,45
2020-04-04,SATURDAY,4,4,2020,1,73,91
2020-04-05,SUNDAY,5,4,2020,1,82,103
2020-04-06,MONDAY,6,4,2020,0,105,117
2020-04-07,TUESDAY,7,4,2020,0,42,46
2020-04-08,WEDNESDAY,8,4,2020,0,37,41
2020-04-09,THURSDAY,9,4,2020,0,35,39
2020-04-10,FRIDAY,10,4,2020,0,40,45
2020-04-11,SATURDAY,11,4,2020,1,76,95
2020-04-12,SUNDAY,12,4,2020,1,81,101
2020-04-13,MONDAY,13,4,2020,0,101,113
2020-04-14,TUESDAY,14,4,2020,0,42,46
2020-04-15,WEDNESDAY,15,4,2020,0,38,42
2020-04-16,THURSDAY,16,4,2020,0,36,40
2020-04-17,FRIDAY,17,4,2020,0,40,45
2020-04-18,SATURDAY,18,4,2020,1,77,96
2020-04-19,SUNDAY,19,4,2020,1,82,102
2020-04-20,MONDAY,20,4,2020,0,101,113
2020-04-21,TUESDAY,21,4,2020,0,40,45
2020-04-22,WEDNESDAY,22,4,2020,0,36,40
2020-04-23,THURSDAY,23,4,2020,0,38,42
2020-04-24,FRIDAY,24,4,2020,0,38,42
2020-04-25,SATURDAY,25,4,2020,1,72,90
2020-04-26,SUNDAY,26,4,2020,1,80,100
2020-04-27,MONDAY,27,4,2020,0,105,117
2020-04-28,TUESDAY,28,4,2020,0,43,48
2020-04-29,WEDNESDAY,29,4,2020,0,37,41
2020-04-30,THURSDAY,30,4,2020,0,37,41
2020-05-01,FRIDAY,1,5,2020,0,40,45
2020-05-02,SATURDAY,2,5,2020,1,76,95
2020-05-03,SUNDAY,3,5,2020,1,83,104
2020-05-04,MONDAY,4,5,2020,0,105,116
2020-05-05,TUESDAY,5,5,2020,0,42,47
2020-05-06,WEDNESDAY,6,5,2020,0,38,42
2020-05-07,THURSDAY,7,5,2020,0,34,37
2020-05-08,FRIDAY,8,5,2020,0,38,43
2020-05-09,SATURDAY,9,5,2020,1,75,94
2020-05-10,SUNDAY,10,5,2020,1,79,99
2020-05-11,MONDAY,11,5,2020,0,105,116
2020-05-12,TUESDAY,12,5,2020,0,43,48
2020-05-13,WEDNESDAY,13,5,2020,0,36,40
2020-05-14,THURSDAY,14,5,2020,0,34,37
2020-05-15,FRIDAY,15,5,2020,0,38,43
2020-05-16,SATURDAY,16,5,2020,1,76,95
2020-05-17,SUNDAY,17,5,2020,1,81,101
2020-05-18,MONDAY,18,5,2020,0,105,116
2020-05-19,TUESDAY,19,5,2020,0,40,44
2020-05-20,WEDNESDAY,20,5,2020,0,37,41
2020-05-21,THURSDAY,21,5,2020,0,32,36
2020-05-22,FRIDAY,22,5,2020,0,40,44
2020-05-23,SATURDAY,23,5,2020,1,74,93
2020-05-24,SUNDAY,24,5,2020,1,82,103
2020-05-25,MONDAY,25,5,2020,1,89,111
2020-05-26,TUESDAY,26,5,2020,0,42,46
2020-05-27,WEDNESDAY,27,5,2020,0,38,43
2020-05-28,THURSDAY,28,5,2020,0,38,42
2020-05-29,FRIDAY,29,5,2020,0,40,45
2020-05-30,SATURDAY,30,5,2020,1,73,91
2020-05-31,SUNDAY,31,5,2020,1,80,100
2020-06-01,MONDAY,1,6,2020,0,101,113
2020-06-02,TUESDAY,2,6,2020,0,42,46
2020-06-03,WEDNESDAY,3,6,2020,0,35,39
2020-06-04,THURSDAY,4,6,2020,0,36,40
2020-06-05,FRIDAY,5,6,2020,0,40,44
2020-06-06,SATURDAY,6,6,2020,1,75,94
2020-06-07,SUNDAY,7,6,2020,1,80,100
2020-06-08,MONDAY,8,6,2020,0,105,117
2020-06-09,TUESDAY,9,6,2020,0,42,46
2020-06-10,WEDNESDAY,10,6,2020,0,38,42
2020-06-11,THURSDAY,11,6,2020,0,30,34
2020-06-12,FRIDAY,12,6,2020,0,42,46
2020-06-13,SATURDAY,13,6,2020,1,75,94
2020-06-14,SUNDAY,14,6,2020,1,81,101
2020-06-15,MONDAY,15,6,2020,0,98,109
2020-06-16,TUESDAY,16,6,2020,0,42,46
2020-06-17,WEDNESDAY,17,6,2020,0,37,41
2020-06-18,THURSDAY,18,6,2020,0,34,38
2020-06-19,FRIDAY,19,6,2020,0,40,44
2020-06-20,SATURDAY,20,6,2020,1,75,94
2020-06-21,SUNDAY,21,6,2020,1,82,103
2020-06-22,MONDAY,22,6,2020,0,101,112
2020-06-23,TUESDAY,23,6,2020,0,42,46
2020-06-24,WEDNESDAY,24,6,2020,0,38,42
2020-06-25,THURSDAY,25,6,2020,0,34,37
2020-06-26,FRIDAY,26,6,2020,0,38,42
2020-06-27,SATURDAY,27,6,2020,1,76,95
2020-06-28,SUNDAY,28,6,2020,1,78,97
2020-06-29,MONDAY,29,6,2020,0,105,116
2020-06-30,TUESDAY,30,6,2020,0,43,48
2020-07-01,WEDNESDAY,1,7,2020,0,37,41
2020-07-02,THURSDAY,2,7,2020,0,38,42
2020-07-03,FRIDAY,3,7,2020,1,36,45
2020-07-04,SATURDAY,4,7,2020,1,75,94
2020-07-05,SUNDAY,5,7,2020,1,83,104
2020-07-06,MONDAY,6,7,2020,0,102,114
2020-07-07,TUESDAY,7,7,2020,0,40,45
2020-07-08,WEDNESDAY,8,7,2020,0,36,40
2020-07-09,THURSDAY,9,7,2020,0,32,35
2020-07-10,FRIDAY,10,7,2020,0,38,42
2020-07-11,SATURDAY,11,7,2020,1,74,92
2020-07-12,SUNDAY,12,7,2020,1,82,102
2020-07-13,MONDAY,13,7,2020,0,101,112
2020-07-14,TUESDAY,14,7,2020,0,42,46
2020-07-15,WEDNESDAY,15,7,2020,0,38,42
2020-07-16,THURSDAY,16,7,2020,0,34,38
2020-07-17,FRIDAY,17,7,2020,0,40,45
2020-07-18,SATURDAY,18,7,2020,1,75,94
2020-07-19,SUNDAY,19,7,2020,1,83,104
2020-07-20,MONDAY,20,7,2020,0,101,113
2020-07-21,TUESDAY,21,7,2020,0,43,48
2020-07-22,WEDNESDAY,22,7,2020,0,37,41
2020-07-23,THURSDAY,23,7,2020,0,34,38
2020-07-24,FRIDAY,24,7,2020,0,38,42
2020-07-25,SATURDAY,25,7,2020,1,76,95
2020-07-26,SUNDAY,26,7,2020,1,84,105
2020-07-27,MONDAY,27,7,2020,0,104,115
2020-07-28,TUESDAY,28,7,2020,0,42,47
2020-07-29,WEDNESDAY,29,7,2020,0,35,39
2020-07-30,THURSDAY,30,7,2020,0,32,36
2020-07-31,FRIDAY,31,7,2020,0,37,41
2020-08-01,SATURDAY,1,8,2020,1,77,96
2020-08-02,SUNDAY,2,8,2020,1,86,107
2020-08-03,MONDAY,3,8,2020,0,104,115
2020-08-04,TUESDAY,4,8,2020,0,42,47
2020-08-05,WEDNESDAY,5,8,2020,0,34,38
2020-08-06,THURSDAY,6,8,2020,0,35,39
2020-08-07,FRIDAY,7,8,2020,0,40,44
2020-08-08,SATURDAY,8,8,2020,1,75,94
2020-08-09,SUNDAY,9,8,2020,1,84,105
2020-08-10,MONDAY,10,8,2020,0,104,115
2020-08-11,TUESDAY,11,8,2020,0,44,49
2020-08-12,WEDNESDAY,12,8,2020,0,36,40
2020-08-13,THURSDAY,13,8,2020,0,34,37
2020-08-14,FRIDAY,14,8,2020,0,40,44
2020-08-15,SATURDAY,15,8,2020,1,74,93
2020-08-16,SUNDAY,16,8,2020,1,82,103
2020-08-17,MONDAY,17,8,2020,0,96,107
2020-08-18,TUESDAY,18,8,2020,0,43,48
2020-08-19,WEDNESDAY,19,8,2020,0,38,42
2020-08-20,THURSDAY,20,8,2020,0,34,38
2020-08-21,FRIDAY,21,8,2020,0,40,45
2020-08-22,SATURDAY,22,8,2020,1,77,96
2020-08-23,SUNDAY,23,8,2020,1,85,106
2020-08-24,MONDAY,24,8,2020,0,104,115
2020-08-25,TUESDAY,25,8,2020,0,45,50
2020-08-26,WEDNESDAY,26,8,2020,0,37,41
2020-08-27,THURSDAY,27,8,2020,0,36,40
2020-08-28,FRIDAY,28,8,2020,0,42,46
2020-08-29,SATURDAY,29,8,2020,1,74,93
2020-08-30,SUNDAY,30,8,2020,1,81,101
2020-08-31,MONDAY,31,8,2020,0,102,114
2020-09-01,TUESDAY,1,9,2020,0,43,48
2020-09-02,WEDNESDAY,2,9,2020,0,34,37
2020-09-03,THURSDAY,3,9,2020,0,30,34
2020-09-04,FRIDAY,4,9,2020,0,38,43
2020-09-05,SATURDAY,5,9,2020,1,77,96
2020-09-06,SUNDAY,6,9,2020,1,80,100
2020-09-07,MONDAY,7,9,2020,1,91,114
2020-09-08,TUESDAY,8,9,2020,0,43,48
2020-09-09,WEDNESDAY,9,9,2020,0,34,38
2020-09-10,THURSDAY,10,9,2020,0,32,35
2020-09-11,FRIDAY,11,9,2020,0,40,45
2020-09-12,SATURDAY,12,9,2020,1,74,92
2020-09-13,SUNDAY,13,9,2020,1,82,102
2020-09-14,MONDAY,14,9,2020,0,105,116
2020-09-15,TUESDAY,15,9,2020,0,42,46
2020-09-16,WEDNESDAY,16,9,2020,0,36,40
2020-09-17,THURSDAY,17,9,2020,0,37,41
2020-09-18,FRIDAY,18,9,2020,0,42,46
2020-09-19,SATURDAY,19,9,2020,1,73,91
2020-09-20,SUNDAY,20,9,2020,1,83,104
2020-09-21,MONDAY,21,9,2020,0,108,119
2020-09-22,TUESDAY,22,9,2020,0,43,48
2020-09-23,WEDNESDAY,23,9,2020,0,35,39
2020-09-24,THURSDAY,24,9,2020,0,36,40
2020-09-25,FRIDAY,25,9,2020,0,42,46
2020-09-26,SATURDAY,26,9,2020,1,75,94
2020-09-27,SUNDAY,27,9,2020,1,84,105
2020-09-28,MONDAY,28,9,2020,0,101,113
2020-09-29,TUESDAY,29,9,2020,0,42,46
2020-09-30,WEDNESDAY,30,9,2020,0,38,42
2020-10-01,THURSDAY,1,10,2020,0,35,39
2020-10-02,FRIDAY,2,10,2020,0,42,47
2020-10-03,SATURDAY,3,10,2020,1,76,95
2020-10-04,SUNDAY,4,10,2020,1,82,102
2020-10-05,MONDAY,5,10,2020,0,105,117
2020-10-06,TUESDAY,6,10,2020,0,42,47
2020-10-07,WEDNESDAY,7,10,2020,0,37,41
2020-10-08,THURSDAY,8,10,2020,0,36,40
2020-10-09,FRIDAY,9,10,2020,0,40,44
2020-10-10,SATURDAY,10,10,2020,1,75,94
2020-10-11,SUNDAY,11,10,2020,1,82,103
2020-10-12,MONDAY,12,10,2020,1,90,112
2020-10-13,TUESDAY,13,10,2020,0,42,47
2020-10-14,WEDNESDAY,14,10,2020,0,37,41
2020-10-15,THURSDAY,15,10,2020,0,35,39
2020-10-16,FRIDAY,16,10,2020,0,42,47
2020-10-17,SATURDAY,17,10,2020,1,76,95
2020-10-18,SUNDAY,18,10,2020,1,82,103
2020-10-19,MONDAY,19,10,2020,0,105,116
2020-10-20,TUESDAY,20,10,2020,0,43,48
2020-10-21,WEDNESDAY,21,10,2020,0,37,41
2020-10-22,THURSDAY,22,10,2020,0,35,39
2020-10-23,FRIDAY,23,10,2020,0,40,45
2020-10-24,SATURDAY,24,10,2020,1,78,97
2020-10-25,SUNDAY,25,10,2020,1,82,102
2020-10-26,MONDAY,26,10,2020,0,100,111
2020-10-27,TUESDAY,27,10,2020,0,40,44
2020-10-28,WEDNESDAY,28,10,2020,0,37,41
2020-10-29,THURSDAY,29,10,2020,0,34,38
2020-10-30,FRIDAY,30,10,2020,0,40,45
2020-10-31,SATURDAY,31,10,2020,1,76,95
2020-11-01,SUNDAY,1,11,2020,1,81,101
2020-11-02,MONDAY,2,11,2020,0,102,114
2020-11-03,TUESDAY,3,11,2020,0,43,48
2020-11-04,WEDNESDAY,4,11,2020,0,35,39
2020-11-05,THURSDAY,5,11,2020,0,37,41
2020-11-06,FRIDAY,6,11,2020,0,40,45
2020-11-07,SATURDAY,7,11,2020,1,75,94
2020-11-08,SUNDAY,8,11,2020,1,82,103
2020-11-09,MONDAY,9,11,2020,0,105,116
2020-11-10,TUESDAY,10,11,2020,0,42,47
2020-11-11,WEDNESDAY,11,11,2020,1,30,38
2020-11-12,THURSDAY,12,11,2020,0,38,42
2020-11-13,FRIDAY,13,11,2020,0,40,44
2020-11-14,SATURDAY,14,11,2020,1,74,93
2020-11-15,SUNDAY,15,11,2020,1,82,103
2020-11-16,MONDAY,16,11,2020,0,105,116
2020-11-17,TUESDAY,17,11,2020,0,42,47
2020-11-18,WEDNESDAY,18,11,2020,0,35,39
2020-11-19,THURSDAY,19,11,2020,0,35,39
2020-11-20,FRIDAY,20,11,2020,0,38,43
2020-11-21,SATURDAY,21,11,2020,1,76,95
2020-11-22,SUNDAY,22,11,2020,1,85,106
2020-11-23,MONDAY,23,11,2020,0,104,115
2020-11-24,TUESDAY,24,11,2020,0,42,47
2020-11-25,WEDNESDAY,25,11,2020,0,36,40
2020-11-26,THURSDAY,26,11,2020,1,29,36
2020-11-27,FRIDAY,27,11,2020,0,40,45
2020-11-28,SATURDAY,28,11,2020,1,77,96
2020-11-29,SUNDAY,29,11,2020,1,86,107
2020-11-30,MONDAY,30,11,2020,0,102,114
2020-12-01,TUESDAY,1,12,2020,0,42,47
2020-12-02,WEDNESDAY,2,12,2020,0,36,40
2020-12-03,THURSDAY,3,12,2020,0,34,38
2020-12-04,FRIDAY,4,12,2020,0,42,46
2020-12-05,SATURDAY,5,12,2020,1,74,93
2020-12-06,SUNDAY,6,12,2020,1,80,100
2020-12-07,MONDAY,7,12,2020,0,102,114
2020-12-08,TUESDAY,8,12,2020,0,42,46
2020-12-09,WEDNESDAY,9,12,2020,0,38,43
2020-12-10,THURSDAY,10,12,2020,0,38,42
2020-12-11,FRIDAY,11,12,2020,0,40,45
2020-12-12,SATURDAY,12,12,2020,1,74,93
2020-12-13,SUNDAY,13,12,2020,1,84,105
2020-12-14,MONDAY,14,12,2020,0,100,111
2020-12-15,TUESDAY,15,12,2020,0,43,48
2020-12-16,WEDNESDAY,16,12,2020,0,36,40
2020-12-17,THURSDAY,17,12,2020,0,40,44
2020-12-18,FRIDAY,18,12,2020,0,42,46
2020-12-19,SATURDAY,19,12,2020,1,73,91
2020-12-20,SUNDAY,20,12,2020,1,82,102
2020-12-21,MONDAY,21,12,2020,0,101,113
2020-12-22,TUESDAY,22,12,2020,0,43,48
2020-12-23,WEDNESDAY,23,12,2020,0,38,42
2020-12-24,THURSDAY,24,12,2020,0,38,42
2020-12-25,FRIDAY,25,12,2020,1,35,44
2020-12-26,SATURDAY,26,12,2020,1,76,95
2020-12-27,SUNDAY,27,12,2020,1,82,102
2020-12-28,MONDAY,28,12,2020,0,101,113
2020-12-29,TUESDAY,29,12,2020,0,40,44
2020-12-30,WEDNESDAY,30,12,2020,0,36,40
2020-12-31,THURSDAY,31,12,2020,0,38,42
2021-01-01,FRIDAY,1,1,2021,1,35,44
2021-01-02,SATURDAY,2,1,2021,1,74,93
2021-01-03,SUNDAY,3,1,2021,1,82,103
2021-01-04,MONDAY,4,1,2021,0,104,115
2021-01-05,TUESDAY,5,1,2021,0,40,45
2021-01-06,WEDNESDAY,6,1,2021,0,35,39
2021-01-07,THURSDAY,7,1,2021,0,34,38
2021-01-08,FRIDAY,8,1,2021,0,42,47
2021-01-09,SATURDAY,9,1,2021,1,75,94
2021-01-10,SUNDAY,10,1,2021,1,82,102
2021-01-11,MONDAY,11,1,2021,0,105,116
2021-01-12,TUESDAY,12,1,2021,0,42,46
2021-01-13,WEDNESDAY,13,1,2021,0,37,41
2021-01-14,THURSDAY,14,1,2021,0,32,36
2021-01-15,FRIDAY,15,1,2021,0,40,44
2021-01-16,SATURDAY,16,1,2021,1,73,91
2021-01-17,SUNDAY,17,1,2021,1,82,103
2021-01-18,MONDAY,18,1,2021,1,97,121
2021-01-19,TUESDAY,19,1,2021,0,42,47
2021-01-20,WEDNESDAY,20,1,2021,0,38,43
2021-01-21,THURSDAY,21,1,2021,0,38,42
2021-01-22,FRIDAY,22,1,2021,0,40,45
2021-01-23,SATURDAY,23,1,2021,1,77,96
2021-01-24,SUNDAY,24,1,2021,1,82,102
2021-01-25,MONDAY,25,1,2021,0,104,115
2021-01-26,TUESDAY,26,1,2021,0,42,47
2021-01-27,WEDNESDAY,27,1,2021,0,36,40
2021-01-28,THURSDAY,28,1,2021,0,34,38
2021-01-29,FRIDAY,29,1,2021,0,40,45
2021-01-30,SATURDAY,30,1,2021,1,73,91
2021-01-31,SUNDAY,31,1,2021,1,83,104
2021-02-01,MONDAY,1,2,2021,0,105,116
2021-02-02,TUESDAY,2,2,2021,0,43,48
2021-02-03,WEDNESDAY,3,2,2021,0,36,40
2021-02-04,THURSDAY,4,2,2021,0,35,39
2021-02-05,FRIDAY,5,2,2021,0,40,45
2021-02-06,SATURDAY,6,2,2021,1,74,93
2021-02-07,SUNDAY,7,2,2021,1,82,103
2021-02-08,MONDAY,8,2,2021,0,101,113
2021-02-09,TUESDAY,9,2,2021,0,42,46
2021-02-10,WEDNESDAY,10,2,2021,0,38,42
2021-02-11,THURSDAY,11,2,2021,0,34,38
2021-02-12,FRIDAY,12,2,2021,0,42,47
2021-02-13,SATURDAY,13,2,2021,1,79,99
2021-02-14,SUNDAY,14,2,2021,1,82,103
2021-02-15,MONDAY,15,2,2021,1,90,112
2021-02-16,TUESDAY,16,2,2021,0,42,47
2021-02-17,WEDNESDAY,17,2,2021,0,36,40
2021-02-18,THURSDAY,18,2,2021,0,35,39
2021-02-19,FRIDAY,19,2,2021,0,43,48
2021-02-20,SATURDAY,20,2,2021,1,74,93
2021-02-21,SUNDAY,21,2,2021,1,82,103
2021-02-22,MONDAY,22,2,2021,0,101,113
2021-02-23,TUESDAY,23,2,2021,0,42,46
2021-02-24,WEDNESDAY,24,2,2021,0,37,41
2021-02-25,THURSDAY,25,2,2021,0,38,42
2021-02-26,FRIDAY,26,2,2021,0,42,46
2021-02-27,SATURDAY,27,2,2021,1,78,97
2021-02-28,SUNDAY,28,2,2021,1,86,108
2021-03-01,MONDAY,1,3,2021,0,101,113
2021-03-02,TUESDAY,2,3,2021,0,42,46
2021-03-03,WEDNESDAY,3,3,2021,0,38,42
2021-03-04,THURSDAY,4,3,2021,0,32,36
2021-03-05,FRIDAY,5,3,2021,0,40,45
2021-03-06,SATURDAY,6,3,2021,1,77,96
2021-03-07,SUNDAY,7,3,2021,1,82,102
2021-03-08,MONDAY,8,3,2021,0,105,117
2021-03-09,TUESDAY,9,3,2021,0,42,47
2021-03-10,WEDNESDAY,10,3,2021,0,38,42
2021-03-11,THURSDAY,11,3,2021,0,34,37
2021-03-12,FRIDAY,12,3,2021,0,42,46
2021-03-13,SATURDAY,13,3,2021,1,76,95
2021-03-14,SUNDAY,14,3,2021,1,81,101
2021-03-15,MONDAY,15,3,2021,0,108,120
2021-03-16,TUESDAY,16,3,2021,0,42,47
2021-03-17,WEDNESDAY,17,3,2021,0,38,42
2021-03-18,THURSDAY,18,3,2021,0,34,37
2021-03-19,FRIDAY,19,3,2021,0,40,45
2021-03-20,SATURDAY,20,3,2021,1,77,96
2021-03-21,SUNDAY,21,3,2021,1,84,105
2021-03-22,MONDAY,22,3,2021,0,104,115
2021-03-23,TUESDAY,23,3,2021,0,42,46
2021-03-24,WEDNESDAY,24,3,2021,0,38,43
2021-03-25,THURSDAY,25,3,2021,0,38,42
2021-03-26,FRIDAY,26,3,2021,0,40,45
2021-03-27,SATURDAY,27,3,2021,1,73,91
2021-03-28,SUNDAY,28,3,2021,1,82,103
2021-03-29,MONDAY,29,3,2021,0,104,115
2021-03-30,TUESDAY,30,3,2021,0,42,47
2021-03-31,WEDNESDAY,31,3,2021,0,36,40
2021-04-01,THURSDAY,1,4,2021,0,34,38
2021-04-02,FRIDAY,2,4,2021,0,40,44
2021-04-03,SATURDAY,3,4,2021,1,74,93
2021-04-04,SUNDAY,4,4,2021,1,86,107
2021-04-05,MONDAY,5,4,2021,0,105,116
2021-04-06,TUESDAY,6,4,2021,0,42,47
2021-04-07,WEDNESDAY,7,4,2021,0,38,42
2021-04-08,THURSDAY,8,4,2021,0,34,38
2021-04-09,FRIDAY,9,4,2021,0,40,45
2021-04-10,SATURDAY,10,4,2021,1,79,99
2021-04-11,SUNDAY,11,4,2021,1,86,107
2021-04-12,MONDAY,12,4,2021,0,106,118
2021-04-13,TUESDAY,13,4,2021,0,43,48
2021-04-14,WEDNESDAY,14,4,2021,0,38,43
2021-04-15,THURSDAY,15,4,2021,0,38,43
2021-04-16,FRIDAY,16,4,2021,0,40,44
2021-04-17,SATURDAY,17,4,2021,1,78,97
2021-04-18,SUNDAY,18,4,2021,1,84,105
2021-04-19,MONDAY,19,4,2021,0,102,114
2021-04-20,TUESDAY,20,4,2021,0,42,47
2021-04-21,WEDNESDAY,21,4,2021,0,40,44
2021-04-22,THURSDAY,22,4,2021,0,38,42
2021-04-23,FRIDAY,23,4,2021,0,42,46
2021-04-24,SATURDAY,24,4,2021,1,74,93
2021-04-25,SUNDAY,25,4,2021,1,80,100
2021-04-26,MONDAY,26,4,2021,0,109,121
2021-04-27,TUESDAY,27,4,2021,0,42,46
2021-04-28,WEDNESDAY,28,4,2021,0,37,41
2021-04-29,THURSDAY,29,4,2021,0,38,43
2021-04-30,FRIDAY,30,4,2021,0,42,47
2021-05-01,SATURDAY,1,5,2021,1,77,96
2021-05-02,SUNDAY,2,5,2021,1,86,107
2021-05-03,MONDAY,3,5,2021,0,102,114
2021-05-04,TUESDAY,4,5,2021,0,42,47
2021-05-05,WEDNESDAY,5,5,2021,0,36,40
2021-05-06,THURSDAY,6,5,2021,0,34,38
2021-05-07,FRIDAY,7,5,2021,0,38,43
2021-05-08,SATURDAY,8,5,2021,1,75,94
2021-05-09,SUNDAY,9,5,2021,1,82,103
2021-05-10,MONDAY,10,5,2021,0,106,118
2021-05-11,TUESDAY,11,5,2021,0,43,48
2021-05-12,WEDNESDAY,12,5,2021,0,35,39
2021-05-13,THURSDAY,13,5,2021,0,38,43
2021-05-14,FRIDAY,14,5,2021,0,42,46
2021-05-15,SATURDAY,15,5,2021,1,77,96
2021-05-16,SUNDAY,16,5,2021,1,87,109
2021-05-17,MONDAY,17,5,2021,0,106,118
2021-05-18,TUESDAY,18,5,2021,0,42,46
2021-05-19,WEDNESDAY,19,5,2021,0,38,42
2021-05-20,THURSDAY,20,5,2021,0,37,41
2021-05-21,FRIDAY,21,5,2021,0,42,46
2021-05-22,SATURDAY,22,5,2021,1,75,94
2021-05-23,SUNDAY,23,5,2021,1,82,102
2021-05-24,MONDAY,24,5,2021,0,105,117
2021-05-25,TUESDAY,25,5,2021,0,42,47
2021-05-26,WEDNESDAY,26,5,2021,0,37,41
2021-05-27,THURSDAY,27,5,2021,0,35,39
2021-05-28,FRIDAY,28,5,2021,0,42,46
2021-05-29,SATURDAY,29,5,2021,1,75,94
2021-05-30,SUNDAY,30,5,2021,1,86,108
2021-05-31,MONDAY,31,5,2021,1,94,118
2021-06-01,TUESDAY,1,6,2021,0,44,49
2021-06-02,WEDNESDAY,2,6,2021,0,36,40
2021-06-03,THURSDAY,3,6,2021,0,35,39
2021-06-04,FRIDAY,4,6,2021,0,40,45
2021-06-05,SATURDAY,5,6,2021,1,76,95
2021-06-06,SUNDAY,6,6,2021,1,83,104
2021-06-07,MONDAY,7,6,2021,0,105,117
2021-06-08,TUESDAY,8,6,2021,0,42,46
2021-06-09,WEDNESDAY,9,6,2021,0,38,42
2021-06-10,THURSDAY,10,6,2021,0,38,42
2021-06-11,FRIDAY,11,6,2021,0,42,46
2021-06-12,SATURDAY,12,6,2021,1,77,96
2021-06-13,SUNDAY,13,6,2021,1,81,101
2021-06-14,MONDAY,14,6,2021,0,106,118
2021-06-15,TUESDAY,15,6,2021,0,42,46
2021-06-16,WEDNESDAY,16,6,2021,0,38,42
2021-06-17,THURSDAY,17,6,2021,0,38,42
2021-06-18,FRIDAY,18,6,2021,1,36,45
2021-06-19,SATURDAY,19,6,2021,1,78,97
2021-06-20,SUNDAY,20,6,2021,1,83,104
2021-06-21,MONDAY,21,6,2021,0,104,115
2021-06-22,TUESDAY,22,6,2021,0,40,45
2021-06-23,WEDNESDAY,23,6,2021,0,37,41
2021-06-24,THURSDAY,24,6,2021,0,34,38
2021-06-25,FRIDAY,25,6,2021,0,42,47
2021-06-26,SATURDAY,26,6,2021,1,76,95
2021-06-27,SUNDAY,27,6,2021,1,81,101
2021-06-28,MONDAY,28,6,2021,0,101,113
2021-06-29,TUESDAY,29,6,2021,0,42,46
2021-06-30,WEDNESDAY,30,6,2021,0,37,41
2021-07-01,THURSDAY,1,7,2021,0,38,43
2021-07-02,FRIDAY,2,7,2021,0,42,46
2021-07-03,SATURDAY,3,7,2021,1,78,97
2021-07-04,SUNDAY,4,7,2021,1,85,106
2021-07-05,MONDAY,5,7,2021,1,93,116
2021-07-06,TUESDAY,6,7,2021,0,42,46
2021-07-07,WEDNESDAY,7,7,2021,0,38,43
2021-07-08,THURSDAY,8,7,2021,0,34,37
2021-07-09,FRIDAY,9,7,2021,0,42,46
2021-07-10,SATURDAY,10,7,2021,1,76,95
2021-07-11,SUNDAY,11,7,2021,1,82,102
2021-07-12,MONDAY,12,7,2021,0,104,115
2021-07-13,TUESDAY,13,7,2021,0,42,46
2021-07-14,WEDNESDAY,14,7,2021,0,38,43
2021-07-15,THURSDAY,15,7,2021,0,35,39
2021-07-16,FRIDAY,16,7,2021,0,42,47
2021-07-17,SATURDAY,17,7,2021,1,82,102
2021-07-18,SUNDAY,18,7,2021,1,84,105
2021-07-19,MONDAY,19,7,2021,0,104,115
2021-07-20,TUESDAY,20,7,2021,0,43,48
2021-07-21,WEDNESDAY,21,7,2021,0,38,42
2021-07-22,THURSDAY,22,7,2021,0,35,39
2021-07-23,FRIDAY,23,7,2021,0,42,46
2021-07-24,SATURDAY,24,7,2021,1,74,93
2021-07-25,SUNDAY,25,7,2021,1,84,105
2021-07-26,MONDAY,26,7,2021,0,106,118
2021-07-27,TUESDAY,27,7,2021,0,42,46
2021-07-28,WEDNESDAY,28,7,2021,0,34,38
2021-07-29,THURSDAY,29,7,2021,0,36,40
2021-07-30,FRIDAY,30,7,2021,0,40,45
2021-07-31,SATURDAY,31,7,2021,1,78,97
2021-08-01,SUNDAY,1,8,2021,1,84,105
2021-08-02,MONDAY,2,8,2021,0,105,116
2021-08-03,TUESDAY,3,8,2021,0,40,45
2021-08-04,WEDNESDAY,4,8,2021,0,38,42
2021-08-05,THURSDAY,5,8,2021,0,34,37
2021-08-06,FRIDAY,6,8,2021,0,40,44
2021-08-07,SATURDAY,7,8,2021,1,80,100
2021-08-08,SUNDAY,8,8,2021,1,83,104
2021-08-09,MONDAY,9,8,2021,0,105,116
2021-08-10,TUESDAY,10,8,2021,0,43,48
2021-08-11,WEDNESDAY,11,8,2021,0,35,39
2021-08-12,THURSDAY,12,8,2021,0,36,40
2021-08-13,FRIDAY,13,8,2021,0,42,46
2021-08-14,SATURDAY,14,8,2021,1,77,96
2021-08-15,SUNDAY,15,8,2021,1,82,103
2021-08-16,MONDAY,16,8,2021,0,104,115
2021-08-17,TUESDAY,17,8,2021,0,43,48
2021-08-18,WEDNESDAY,18,8,2021,0,35,39
2021-08-19,THURSDAY,19,8,2021,0,34,38
2021-08-20,FRIDAY,20,8,2021,0,42,46
2021-08-21,SATURDAY,21,8,2021,1,75,94
2021-08-22,SUNDAY,22,8,2021,1,81,101
2021-08-23,MONDAY,23,8,2021,0,102,114
2021-08-24,TUESDAY,24,8,2021,0,42,47
2021-08-25,WEDNESDAY,25,8,2021,0,37,41
2021-08-26,THURSDAY,26,8,2021,0,35,39
2021-08-27,FRIDAY,27,8,2021,0,40,45
2021-08-28,SATURDAY,28,8,2021,1,73,91
2021-08-29,SUNDAY,29,8,2021,1,85,106
2021-08-30,MONDAY,30,8,2021,0,108,120
2021-08-31,TUESDAY,31,8,2021,0,42,47
2021-09-01,WEDNESDAY,1,9,2021,0,38,42
2021-09-02,THURSDAY,2,9,2021,0,36,40
2021-09-03,FRIDAY,3,9,2021,0,42,46
2021-09-04,SATURDAY,4,9,2021,1,78,98
2021-09-05,SUNDAY,5,9,2021,1,84,105
2021-09-06,MONDAY,6,9,2021,1,94,118
2021-09-07,TUESDAY,7,9,2021,0,45,50
2021-09-08,WEDNESDAY,8,9,2021,0,37,41
2021-09-09,THURSDAY,9,9,2021,0,32,36
2021-09-10,FRIDAY,10,9,2021,0,42,47
2021-09-11,SATURDAY,11,9,2021,1,75,94
2021-09-12,SUNDAY,12,9,2021,1,82,103
2021-09-13,MONDAY,13,9,2021,0,108,120
2021-09-14,TUESDAY,14,9,2021,0,42,47
2021-09-15,WEDNESDAY,15,9,2021,0,40,44
2021-09-16,THURSDAY,16,9,2021,0,38,43
2021-09-17,FRIDAY,17,9,2021,0,42,46
2021-09-18,SATURDAY,18,9,2021,1,80,100
2021-09-19,SUNDAY,19,9,2021,1,84,105
2021-09-20,MONDAY,20,9,2021,0,108,119
2021-09-21,TUESDAY,21,9,2021,0,42,46
2021-09-22,WEDNESDAY,22,9,2021,0,38,43
2021-09-23,THURSDAY,23,9,2021,0,36,40
2021-09-24,FRIDAY,24,9,2021,0,42,47
2021-09-25,SATURDAY,25,9,2021,1,78,98
2021-09-26,SUNDAY,26,9,2021,1,83,104
2021-09-27,MONDAY,27,9,2021,0,101,113
2021-09-28,TUESDAY,28,9,2021,0,40,45
2021-09-29,WEDNESDAY,29,9,2021,0,38,42
2021-09-30,THURSDAY,30,9,2021,0,36,40
2021-10-01,FRIDAY,1,10,2021,0,42,47
2021-10-02,SATURDAY,2,10,2021,1,79,99
2021-10-03,SUNDAY,3,10,2021,1,80,100
2021-10-04,MONDAY,4,10,2021,0,105,117
2021-10-05,TUESDAY,5,10,2021,0,44,49
2021-10-06,WEDNESDAY,6,10,2021,0,38,42
2021-10-07,THURSDAY,7,10,2021,0,32,36
2021-10-08,FRIDAY,8,10,2021,0,42,46
2021-10-09,SATURDAY,9,10,2021,1,78,97
2021-10-10,SUNDAY,10,10,2021,1,81,101
2021-10-11,MONDAY,11,10,2021,1,90,112
2021-10-12,TUESDAY,12,10,2021,0,43,48
2021-10-13,WEDNESDAY,13,10,2021,0,40,44
2021-10-14,THURSDAY,14,10,2021,0,37,41
2021-10-15,FRIDAY,15,10,2021,0,40,45
2021-10-16,SATURDAY,16,10,2021,1,77,96
2021-10-17,SUNDAY,17,10,2021,1,81,101
2021-10-18,MONDAY,18,10,2021,0,110,122
2021-10-19,TUESDAY,19,10,2021,0,42,47
2021-10-20,WEDNESDAY,20,10,2021,0,38,43
2021-10-21,THURSDAY,21,10,2021,0,37,41
2021-10-22,FRIDAY,22,10,2021,0,42,46
2021-10-23,SATURDAY,23,10,2021,1,75,94
2021-10-24,SUNDAY,24,10,2021,1,82,103
2021-10-25,MONDAY,25,10,2021,0,104,115
2021-10-26,TUESDAY,26,10,2021,0,44,49
2021-10-27,WEDNESDAY,27,10,2021,0,38,42
2021-10-28,THURSDAY,28,10,2021,0,36,40
2021-10-29,FRIDAY,29,10,2021,0,38,43
2021-10-30,SATURDAY,30,10,2021,1,79,99
2021-10-31,SUNDAY,31,10,2021,1,81,101
2021-11-01,MONDAY,1,11,2021,0,102,114
2021-11-02,TUESDAY,2,11,2021,0,43,48
2021-11-03,WEDNESDAY,3,11,2021,0,36,40
2021-11-04,THURSDAY,4,11,2021,0,36,40
2021-11-05,FRIDAY,5,11,2021,0,40,45
2021-11-06,SATURDAY,6,11,2021,1,72,90
2021-11-07,SUNDAY,7,11,2021,1,84,105
2021-11-08,MONDAY,8,11,2021,0,105,117
2021-11-09,TUESDAY,9,11,2021,0,40,44
2021-11-10,WEDNESDAY,10,11,2021,0,40,45
2021-11-11,THURSDAY,11,11,2021,1,32,40
2021-11-12,FRIDAY,12,11,2021,0,43,48
2021-11-13,SATURDAY,13,11,2021,1,79,99
2021-11-14,SUNDAY,14,11,2021,1,82,102
2021-11-15,MONDAY,15,11,2021,0,109,121
2021-11-16,TUESDAY,16,11,2021,0,43,48
2021-11-17,WEDNESDAY,17,11,2021,0,40,44
2021-11-18,THURSDAY,18,11,2021,0,36,40
2021-11-19,FRIDAY,19,11,2021,0,42,46
2021-11-20,SATURDAY,20,11,2021,1,79,99
2021-11-21,SUNDAY,21,11,2021,1,86,108
2021-11-22,MONDAY,22,11,2021,0,108,119
2021-11-23,TUESDAY,23,11,2021,0,43,48
2021-11-24,WEDNESDAY,24,11,2021,0,40,44
2021-11-25,THURSDAY,25,11,2021,1,34,42
2021-11-26,FRIDAY,26,11,2021,0,44,49
2021-11-27,SATURDAY,27,11,2021,1,77,96
2021-11-28,SUNDAY,28,11,2021,1,84,105
2021-11-29,MONDAY,29,11,2021,0,106,118
2021-11-30,TUESDAY,30,11,2021,0,44,49
2021-12-01,WEDNESDAY,1,12,2021,0,40,44
2021-12-02,THURSDAY,2,12,2021,0,36,40
2021-12-03,FRIDAY,3,12,2021,0,42,46
2021-12-04,SATURDAY,4,12,2021,1,75,94
2021-12-05,SUNDAY,5,12,2021,1,86,107
2021-12-06,MONDAY,6,12,2021,0,109,121
2021-12-07,TUESDAY,7,12,2021,0,42,47
2021-12-08,WEDNESDAY,8,12,2021,0,37,41
2021-12-09,THURSDAY,9,12,2021,0,37,41
2021-12-10,FRIDAY,10,12,2021,0,43,48
2021-12-11,SATURDAY,11,12,2021,1,77,96
2021-12-12,SUNDAY,12,12,2021,1,85,106
2021-12-13,MONDAY,13,12,2021,0,105,116
2021-12-14,TUESDAY,14,12,2021,0,42,47
2021-12-15,WEDNESDAY,15,12,2021,0,35,39
2021-12-16,THURSDAY,16,12,2021,0,38,42
2021-12-17,FRIDAY,17,12,2021,0,42,47
2021-12-18,SATURDAY,18,12,2021,1,77,96
2021-12-19,SUNDAY,19,12,2021,1,83,104
2021-12-20,MONDAY,20,12,2021,0,105,117
2021-12-21,TUESDAY,21,12,2021,0,42,46
2021-12-22,WEDNESDAY,22,12,2021,0,38,43
2021-12-23,THURSDAY,23,12,2021,0,37,41
2021-12-24,FRIDAY,24,12,2021,1,35,44
2021-12-25,SATURDAY,25,12,2021,1,79,99
2021-12-26,SUNDAY,26,12,2021,1,83,104
2021-12-27,MONDAY,27,12,2021,0,104,115
2021-12-28,TUESDAY,28,12,2021,0,42,47
2021-12-29,WEDNESDAY,29,12,2021,0,37,41
2021-12-30,THURSDAY,30,12,2021,0,35,39
2021-12-31,FRIDAY,31,12,2021,1,38,47
2022-01-01,SATURDAY,1,1,2022,1,77,96
2022-01-02,SUNDAY,2,1,2022,1,89,111
2022-01-03,MONDAY,3,1,2022,0,110,122
2022-01-04,TUESDAY,4,1,2022,0,44,49
2022-01-05,WEDNESDAY,5,1,2022,0,38,43
2022-01-06,THURSDAY,6,1,2022,0,38,42
2022-01-07,FRIDAY,7,1,2022,0,42,46
2022-01-08,SATURDAY,8,1,2022,1,78,97
2022-01-09,SUNDAY,9,1,2022,1,89,111
2022-01-10,MONDAY,10,1,2022,0,104,115
2022-01-11,TUESDAY,11,1,2022,0,42,46
2022-01-12,WEDNESDAY,12,1,2022,0,37,41
2022-01-13,THURSDAY,13,1,2022,0,38,42
2022-01-14,FRIDAY,14,1,2022,0,40,45
2022-01-15,SATURDAY,15,1,2022,1,79,99
2022-01-16,SUNDAY,16,1,2022,1,82,103
2022-01-17,MONDAY,17,1,2022,1,97,121
2022-01-18,TUESDAY,18,1,2022,0,42,46
2022-01-19,WEDNESDAY,19,1,2022,0,36,40
2022-01-20,THURSDAY,20,1,2022,0,38,42
2022-01-21,FRIDAY,21,1,2022,0,42,47
2022-01-22,SATURDAY,22,1,2022,1,77,96
2022-01-23,SUNDAY,23,1,2022,1,81,101
2022-01-24,MONDAY,24,1,2022,0,106,118
2022-01-25,TUESDAY,25,1,2022,0,43,48
2022-01-26,WEDNESDAY,26,1,2022,0,38,43
2022-01-27,THURSDAY,27,1,2022,0,35,39
2022-01-28,FRIDAY,28,1,2022,0,43,48
2022-01-29,SATURDAY,29,1,2022,1,78,98
2022-01-30,SUNDAY,30,1,2022,1,86,108
2022-01-31,MONDAY,31,1,2022,0,108,119
2022-02-01,TUESDAY,1,2,2022,0,44,49
2022-02-02,WEDNESDAY,2,2,2022,0,36,40
2022-02-03,THURSDAY,3,2,2022,0,34,37
2022-02-04,FRIDAY,4,2,2022,0,43,48
2022-02-05,SATURDAY,5,2,2022,1,79,99
2022-02-06,SUNDAY,6,2,2022,1,82,103
2022-02-07,MONDAY,7,2,2022,0,106,118
2022-02-08,TUESDAY,8,2,2022,0,44,49
2022-02-09,WEDNESDAY,9,2,2022,0,37,41
2022-02-10,THURSDAY,10,2,2022,0,37,41
2022-02-11,FRIDAY,11,2,2022,0,43,48
2022-02-12,SATURDAY,12,2,2022,1,77,96
2022-02-13,SUNDAY,13,2,2022,1,86,107
2022-02-14,MONDAY,14,2,2022,0,105,116
2022-02-15,TUESDAY,15,2,2022,0,43,48
2022-02-16,WEDNESDAY,16,2,2022,0,38,43
2022-02-17,THURSDAY,17,2,2022,0,38,43
2022-02-18,FRIDAY,18,2,2022,0,40,45
2022-02-19,SATURDAY,19,2,2022,1,74,93
2022-02-20,SUNDAY,20,2,2022,1,85,106
2022-02-21,MONDAY,21,2,2022,1,95,119
2022-02-22,TUESDAY,22,2,2022,0,44,49
2022-02-23,WEDNESDAY,23,2,2022,0,40,44
2022-02-24,THURSDAY,24,2,2022,0,38,42
2022-02-25,FRIDAY,25,2,2022,0,42,46
2022-02-26,SATURDAY,26,2,2022,1,79,99
2022-02-27,SUNDAY,27,2,2022,1,84,105
2022-02-28,MONDAY,28,2,2022,0,110,122
2022-03-01,TUESDAY,1,3,2022,0,42,47
2022-03-02,WEDNESDAY,2,3,2022,0,40,44
2022-03-03,THURSDAY,3,3,2022,0,35,39
2022-03-04,FRIDAY,4,3,2022,0,42,46
2022-03-05,SATURDAY,5,3,2022,1,77,96
2022-03-06,SUNDAY,6,3,2022,1,86,108
2022-03-07,MONDAY,7,3,2022,0,105,116
2022-03-08,TUESDAY,8,3,2022,0,43,48
2022-03-09,WEDNESDAY,9,3,2022,0,35,39
2022-03-10,THURSDAY,10,3,2022,0,38,42
2022-03-11,FRIDAY,11,3,2022,0,43,48
2022-03-12,SATURDAY,12,3,2022,1,78,97
2022-03-13,SUNDAY,13,3,2022,1,84,105
2022-03-14,MONDAY,14,3,2022,0,106,118
2022-03-15,TUESDAY,15,3,2022,0,44,49
2022-03-16,WEDNESDAY,16,3,2022,0,38,42
2022-03-17,THURSDAY,17,3,2022,0,36,40
2022-03-18,FRIDAY,18,3,2022,0,42,46
2022-03-19,SATURDAY,19,3,2022,1,78,97
2022-03-20,SUNDAY,20,3,2022,1,85,106
2022-03-21,MONDAY,21,3,2022,0,106,118
2022-03-22,TUESDAY,22,3,2022,0,42,47
2022-03-23,WEDNESDAY,23,3,2022,0,37,41
2022-03-24,THURSDAY,24,3,2022,0,36,40
2022-03-25,FRIDAY,25,3,2022,0,42,47
2022-03-26,SATURDAY,26,3,2022,1,78,97
2022-03-27,SUNDAY,27,3,2022,1,84,105
2022-03-28,MONDAY,28,3,2022,0,102,114
2022-03-29,TUESDAY,29,3,2022,0,42,47
2022-03-30,WEDNESDAY,30,3,2022,0,38,42
2022-03-31,THURSDAY,31,3,2022,0,38,42
2022-04-01,FRIDAY,1,4,2022,0,42,47
2022-04-02,SATURDAY,2,4,2022,1,78,98
2022-04-03,SUNDAY,3,4,2022,1,81,101
2022-04-04,MONDAY,4,4,2022,0,110,122
2022-04-05,TUESDAY,5,4,2022,0,45,50
2022-04-06,WEDNESDAY,6,4,2022,0,35,39
2022-04-07,THURSDAY,7,4,2022,0,38,42
2022-04-08,FRIDAY,8,4,2022,0,42,47
2022-04-09,SATURDAY,9,4,2022,1,78,98
2022-04-10,SUNDAY,10,4,2022,1,88,110
2022-04-11,MONDAY,11,4,2022,0,108,119
2022-04-12,TUESDAY,12,4,2022,0,43,48
2022-04-13,WEDNESDAY,13,4,2022,0,35,39
2022-04-14,THURSDAY,14,4,2022,0,38,42
2022-04-15,FRIDAY,15,4,2022,0,40,45
2022-04-16,SATURDAY,16,4,2022,1,82,102
2022-04-17,SUNDAY,17,4,2022,1,86,108
2022-04-18,MONDAY,18,4,2022,0,108,119
2022-04-19,TUESDAY,19,4,2022,0,42,46
2022-04-20,WEDNESDAY,20,4,2022,0,36,40
2022-04-21,THURSDAY,21,4,2022,0,35,39
2022-04-22,FRIDAY,22,4,2022,0,42,46
2022-04-23,SATURDAY,23,4,2022,1,82,102
2022-04-24,SUNDAY,24,4,2022,1,86,107
2022-04-25,MONDAY,25,4,2022,0,106,118
2022-04-26,TUESDAY,26,4,2022,0,42,47
2022-04-27,WEDNESDAY,27,4,2022,0,40,44
2022-04-28,THURSDAY,28,4,2022,0,38,42
2022-04-29,FRIDAY,29,4,2022,0,43,48
2022-04-30,SATURDAY,30,4,2022,1,77,96
2022-05-01,SUNDAY,1,5,2022,1,86,107
2022-05-02,MONDAY,2,5,2022,0,105,117
2022-05-03,TUESDAY,3,5,2022,0,42,47
2022-05-04,WEDNESDAY,4,5,2022,0,37,41
2022-05-05,THURSDAY,5,5,2022,0,35,39
2022-05-06,FRIDAY,6,5,2022,0,42,47
2022-05-07,SATURDAY,7,5,2022,1,77,96
2022-05-08,SUNDAY,8,5,2022,1,86,107
2022-05-09,MONDAY,9,5,2022,0,104,115
2022-05-10,TUESDAY,10,5,2022,0,44,49
2022-05-11,WEDNESDAY,11,5,2022,0,38,43
2022-05-12,THURSDAY,12,5,2022,0,36,40
2022-05-13,FRIDAY,13,5,2022,0,42,47
2022-05-14,SATURDAY,14,5,2022,1,75,94
2022-05-15,SUNDAY,15,5,2022,1,82,103
2022-05-16,MONDAY,16,5,2022,0,108,119
2022-05-17,TUESDAY,17,5,2022,0,44,49
2022-05-18,WEDNESDAY,18,5,2022,0,40,44
2022-05-19,THURSDAY,19,5,2022,0,37,41
2022-05-20,FRIDAY,20,5,2022,0,42,47
2022-05-21,SATURDAY,21,5,2022,1,78,98
2022-05-22,SUNDAY,22,5,2022,1,85,106
2022-05-23,MONDAY,23,5,2022,0,105,116
2022-05-24,TUESDAY,24,5,2022,0,42,47
2022-05-25,WEDNESDAY,25,5,2022,0,36,40
2022-05-26,THURSDAY,26,5,2022,0,37,41
2022-05-27,FRIDAY,27,5,2022,0,44,49
2022-05-28,SATURDAY,28,5,2022,1,79,99
2022-05-29,SUNDAY,29,5,2022,1,83,104
2022-05-30,MONDAY,30,5,2022,1,97,121
2022-05-31,TUESDAY,31,5,2022,0,42,47
2022-06-01,WEDNESDAY,1,6,2022,0,38,43
2022-06-02,THURSDAY,2,6,2022,0,38,43
2022-06-03,FRIDAY,3,6,2022,0,42,46
2022-06-04,SATURDAY,4,6,2022,1,77,96
2022-06-05,SUNDAY,5,6,2022,1,83,104
2022-06-06,MONDAY,6,6,2022,0,106,118
2022-06-07,TUESDAY,7,6,2022,0,42,47
2022-06-08,WEDNESDAY,8,6,2022,0,38,42
2022-06-09,THURSDAY,9,6,2022,0,35,39
2022-06-10,FRIDAY,10,6,2022,0,40,45
2022-06-11,SATURDAY,11,6,2022,1,78,97
2022-06-12,SUNDAY,12,6,2022,1,83,104
2022-06-13,MONDAY,13,6,2022,0,105,116
2022-06-14,TUESDAY,14,6,2022,0,42,46
2022-06-15,WEDNESDAY,15,6,2022,0,40,44
2022-06-16,THURSDAY,16,6,2022,0,40,44
2022-06-17,FRIDAY,17,6,2022,0,40,44
2022-06-18,SATURDAY,18,6,2022,1,77,96
2022-06-19,SUNDAY,19,6,2022,1,84,105
2022-06-20,MONDAY,20,6,2022,1,95,119
2022-06-21,TUESDAY,21,6,2022,0,42,46
2022-06-22,WEDNESDAY,22,6,2022,0,34,38
2022-06-23,THURSDAY,23,6,2022,0,38,43
2022-06-24,FRIDAY,24,6,2022,0,40,44
2022-06-25,SATURDAY,25,6,2022,1,78,98
2022-06-26,SUNDAY,26,6,2022,1,84,105
2022-06-27,MONDAY,27,6,2022,0,104,115
2022-06-28,TUESDAY,28,6,2022,0,42,47
2022-06-29,WEDNESDAY,29,6,2022,0,38,42
2022-06-30,THURSDAY,30,6,2022,0,38,42
2022-07-01,FRIDAY,1,7,2022,0,40,45
2022-07-02,SATURDAY,2,7,2022,1,78,97
2022-07-03,SUNDAY,3,7,2022,1,86,107
2022-07-04,MONDAY,4,7,2022,1,94,117
2022-07-05,TUESDAY,5,7,2022,0,43,48
2022-07-06,WEDNESDAY,6,7,2022,0,35,39
2022-07-07,THURSDAY,7,7,2022,0,37,41
2022-07-08,FRIDAY,8,7,2022,0,40,45
2022-07-09,SATURDAY,9,7,2022,1,81,101
2022-07-10,SUNDAY,10,7,2022,1,90,112
2022-07-11,MONDAY,11,7,2022,0,105,117
2022-07-12,TUESDAY,12,7,2022,0,44,49
2022-07-13,WEDNESDAY,13,7,2022,0,34,38
2022-07-14,THURSDAY,14,7,2022,0,37,41
2022-07-15,FRIDAY,15,7,2022,0,40,44
2022-07-16,SATURDAY,16,7,2022,1,82,102
2022-07-17,SUNDAY,17,7,2022,1,84,105
2022-07-18,MONDAY,18,7,2022,0,108,120
2022-07-19,TUESDAY,19,7,2022,0,45,50
2022-07-20,WEDNESDAY,20,7,2022,0,38,42
2022-07-21,THURSDAY,21,7,2022,0,38,42
2022-07-22,FRIDAY,22,7,2022,0,40,45
2022-07-23,SATURDAY,23,7,2022,1,78,98
2022-07-24,SUNDAY,24,7,2022,1,85,106
2022-07-25,MONDAY,25,7,2022,0,102,114
2022-07-26,TUESDAY,26,7,2022,0,43,48
2022-07-27,WEDNESDAY,27,7,2022,0,37,41
2022-07-28,THURSDAY,28,7,2022,0,38,42
2022-07-29,FRIDAY,29,7,2022,0,42,46
2022-07-30,SATURDAY,30,7,2022,1,79,99
2022-07-31,SUNDAY,31,7,2022,1,83,104
2022-08-01,MONDAY,1,8,2022,0,108,119
2022-08-02,TUESDAY,2,8,2022,0,43,48
2022-08-03,WEDNESDAY,3,8,2022,0,35,39
2022-08-04,THURSDAY,4,8,2022,0,36,40
2022-08-05,FRIDAY,5,8,2022,0,44,49
2022-08-06,SATURDAY,6,8,2022,1,78,98
2022-08-07,SUNDAY,7,8,2022,1,84,105
2022-08-08,MONDAY,8,8,2022,0,108,119
2022-08-09,TUESDAY,9,8,2022,0,42,47
2022-08-10,WEDNESDAY,10,8,2022,0,40,45
2022-08-11,THURSDAY,11,8,2022,0,37,41
2022-08-12,FRIDAY,12,8,2022,0,38,43
2022-08-13,SATURDAY,13,8,2022,1,76,95
2022-08-14,SUNDAY,14,8,2022,1,86,108
2022-08-15,MONDAY,15,8,2022,0,108,119
2022-08-16,TUESDAY,16,8,2022,0,42,47
2022-08-17,WEDNESDAY,17,8,2022,0,38,43
2022-08-18,THURSDAY,18,8,2022,0,37,41
2022-08-19,FRIDAY,19,8,2022,0,40,45
2022-08-20,SATURDAY,20,8,2022,1,74,93
2022-08-21,SUNDAY,21,8,2022,1,85,106
2022-08-22,MONDAY,22,8,2022,0,105,116
2022-08-23,TUESDAY,23,8,2022,0,45,50
2022-08-24,WEDNESDAY,24,8,2022,0,42,46
2022-08-25,THURSDAY,25,8,2022,0,34,38
2022-08-26,FRIDAY,26,8,2022,0,44,49
2022-08-27,SATURDAY,27,8,2022,1,77,96
2022-08-28,SUNDAY,28,8,2022,1,85,106
2022-08-29,MONDAY,29,8,2022,0,108,119
2022-08-30,TUESDAY,30,8,2022,0,42,47
2022-08-31,WEDNESDAY,31,8,2022,0,37,41
2022-09-01,THURSDAY,1,9,2022,0,34,38
2022-09-02,FRIDAY,2,9,2022,0,42,47
2022-09-03,SATURDAY,3,9,2022,1,78,98
2022-09-04,SUNDAY,4,9,2022,1,88,110
2022-09-05,MONDAY,5,9,2022,1,94,118
2022-09-06,TUESDAY,6,9,2022,0,45,50
2022-09-07,WEDNESDAY,7,9,2022,0,40,44
2022-09-08,THURSDAY,8,9,2022,0,37,41
2022-09-09,FRIDAY,9,9,2022,0,43,48
2022-09-10,SATURDAY,10,9,2022,1,79,99
2022-09-11,SUNDAY,11,9,2022,1,86,108
2022-09-12,MONDAY,12,9,2022,0,105,117
2022-09-13,TUESDAY,13,9,2022,0,44,49
2022-09-14,WEDNESDAY,14,9,2022,0,38,42
2022-09-15,THURSDAY,15,9,2022,0,40,45
2022-09-16,FRIDAY,16,9,2022,0,43,48
2022-09-17,SATURDAY,17,9,2022,1,81,101
2022-09-18,SUNDAY,18,9,2022,1,85,106
2022-09-19,MONDAY,19,9,2022,0,106,118
2022-09-20,TUESDAY,20,9,2022,0,43,48
2022-09-21,WEDNESDAY,21,9,2022,0,40,45
2022-09-22,THURSDAY,22,9,2022,0,37,41
2022-09-23,FRIDAY,23,9,2022,0,42,47
2022-09-24,SATURDAY,24,9,2022,1,79,99
2022-09-25,SUNDAY,25,9,2022,1,85,106
2022-09-26,MONDAY,26,9,2022,0,105,117
2022-09-27,TUESDAY,27,9,2022,0,44,49
2022-09-28,WEDNESDAY,28,9,2022,0,35,39
2022-09-29,THURSDAY,29,9,2022,0,37,41
2022-09-30,FRIDAY,30,9,2022,0,40,45
2022-10-01,SATURDAY,1,10,2022,1,78,97
2022-10-02,SUNDAY,2,10,2022,1,87,109
2022-10-03,MONDAY,3,10,2022,0,108,120
2022-10-04,TUESDAY,4,10,2022,0,42,46
2022-10-05,WEDNESDAY,5,10,2022,0,40,44
2022-10-06,THURSDAY,6,10,2022,0,35,39
2022-10-07,FRIDAY,7,10,2022,0,42,46
2022-10-08,SATURDAY,8,10,2022,1,77,96
2022-10-09,SUNDAY,9,10,2022,1,88,110
2022-10-10,MONDAY,10,10,2022,1,97,121
2022-10-11,TUESDAY,11,10,2022,0,44,49
2022-10-12,WEDNESDAY,12,10,2022,0,38,42
2022-10-13,THURSDAY,13,10,2022,0,40,44
2022-10-14,FRIDAY,14,10,2022,0,42,47
2022-10-15,SATURDAY,15,10,2022,1,75,94
2022-10-16,SUNDAY,16,10,2022,1,81,101
2022-10-17,MONDAY,17,10,2022,0,105,116
2022-10-18,TUESDAY,18,10,2022,0,43,48
2022-10-19,WEDNESDAY,19,10,2022,0,42,46
2022-10-20,THURSDAY,20,10,2022,0,36,40
2022-10-21,FRIDAY,21,10,2022,0,40,45
2022-10-22,SATURDAY,22,10,2022,1,79,99
2022-10-23,SUNDAY,23,10,2022,1,84,105
2022-10-24,MONDAY,24,10,2022,0,108,120
2022-10-25,TUESDAY,25,10,2022,0,45,50
2022-10-26,WEDNESDAY,26,10,2022,0,40,45
2022-10-27,THURSDAY,27,10,2022,0,36,40
2022-10-28,FRIDAY,28,10,2022,0,43,48
2022-10-29,SATURDAY,29,10,2022,1,79,99
2022-10-30,SUNDAY,30,10,2022,1,86,108
2022-10-31,MONDAY,31,10,2022,0,104,115
